feature,importance
fe_group_last_key_ID_P_2,0.010672755691526481
fe_group_last_key_ID_B_9,0.005468392680167966
fe_group_last_key_ID_D_48,0.003710704526628583
fe_tar_enc_smoothing_fe_kmean_cluster_id,0.002853619732635093
fe_group_max_key_ID_R_1,0.0027826910843974373
fe_tar_enc_smoothing_fe_group_last_key_ID_B_4,0.0022869422682276763
fe_group_last_key_ID_D_44,0.002034853007682469
fe_kmeans_distance_from_cluster_1,0.0017172024889334225
fe_group_mean_key_ID_R_1,0.0013210352857881968
fe_group_last_key_ID_D_42,0.001231110657402723
fe_kmean_cluster_id,0.00122979320337957
fe_group_mean_key_ID_S_3,0.0012100625593319259
fe_group_last_key_ID_B_1,0.0011809838971004738
fe_group_min_key_ID_D_42,0.0011087827445017684
fe_kmeans_distance_from_cluster_3,0.0011010186130591681
fe_group_mean_key_ID_P_2,0.0010910144677460099
fe_group_min_key_ID_P_2,0.0010695939748847083
fe_kmeans_distance_from_cluster_4,0.001068522659505633
fe_group_last_key_ID_S_23,0.0010552156584373584
fe_group_mean_key_ID_P_3,0.001045384894845569
fe_group_last_key_ID_B_2,0.001037225912238593
fe_group_last_key_ID_B_11,0.001013049990813586
fe_tar_enc_smoothing_fe_group_last_key_ID_D_44,0.0009972288498862336
fe_group_mean_key_ID_D_42,0.0009890782194876269
fe_group_last_key_ID_R_1,0.0009730654856321963
fe_kmeans_distance_from_cluster_7,0.0009690343045056782
fe_tar_enc_smoothing_fe_group_max_key_ID_B_4,0.0009241425631084099
fe_group_max_key_ID_D_42,0.0008399147833790255
fe_group_last_key_ID_B_37,0.0008375220892672952
fe_tar_enc_smoothing_fe_group_max_key_ID_R_3,0.0008254891310869317
fe_group_max_key_ID_S_3,0.00075023805936969
fe_group_mean_key_ID_D_43,0.000645476785402721
fe_group_min_key_ID_D_43,0.0006446844442344335
fe_group_last_key_ID_B_18,0.0006257826905570196
fe_group_last_key_ID_B_3,0.0005585067211411054
fe_group_last_key_ID_P_3,0.0005555628957596426
fe_group_last_key_ID_D_112,0.0005452582932801153
fe_group_mean_key_ID_D_39,0.0005438786245008376
fe_recentDiff_interval_2_D_55,0.0005316435946489673
fe_group_last_key_ID_D_65,0.0005084423083448475
fe_group_max_key_ID_D_39,0.0005076536637270146
fe_rollingMean_window_6_P_2,0.0005047989592382174
fe_freq_enc_fe_group_max_key_ID_R_3,0.0004771447261519568
fe_rollingMean_window_6_S_23,0.0004699549209499221
fe_tar_enc_smoothing_fe_group_last_key_ID_B_38,0.00046606283885874955
fe_rollingMean_window_6_D_65,0.00046543273605331725
fe_freq_enc_fe_group_last_key_ID_B_4,0.0004615928797332969
fe_group_last_key_ID_B_23,0.00046067804970517656
fe_tar_enc_smoothing_fe_group_last_key_ID_D_65,0.00044680750711101336
fe_group_mean_key_ID_D_51,0.00043918820133581615
fe_group_max_key_ID_R_27,0.0004323326959878582
fe_tar_enc_smoothing_fe_group_max_key_ID_D_39,0.00042979807491527744
fe_group_last_key_ID_D_41,0.00041261091212235756
fe_group_mean_key_ID_D_44,0.0004080765815598908
fe_group_last_key_ID_D_43,0.0003941965282032722
fe_group_last_key_ID_B_26,0.0003782036423265467
fe_group_max_key_ID_R_3,0.00037249880527673307
fe_group_last_key_ID_D_39,0.00036207636918239583
fe_tar_enc_smoothing_fe_group_max_key_ID_D_44,0.0003562648396948087
fe_group_last_key_ID_D_61,0.00035324157380856036
fe_freq_enc_fe_group_max_key_ID_D_39,0.0003438149568147364
fe_group_last_key_ID_B_7,0.0003387313041055551
fe_group_last_key_ID_R_27,0.0003338428913443603
fe_group_last_key_ID_B_4,0.00032788923164334127
fe_group_min_key_ID_R_27,0.00030801065362795477
fe_group_max_key_ID_P_2,0.0003067479497341208
fe_group_min_key_ID_S_3,0.000305898922709269
fe_group_max_key_ID_D_43,0.00029810338150493276
fe_group_mean_key_ID_D_65,0.0002907773986015605
fe_group_mean_key_ID_D_45,0.0002866977190856268
fe_group_mean_key_ID_S_7,0.0002772384546509965
fe_group_min_key_ID_S_7,0.00027649438478538624
fe_group_mean_key_ID_B_8,0.00027485833032564466
fe_group_mean_key_ID_B_7,0.00027099839241084833
fe_rollingMean_window_6_D_44,0.00025568441057882696
fe_freq_enc_fe_group_max_key_ID_D_65,0.0002533286381111166
fe_tar_enc_smoothing_fe_group_last_key_ID_D_39,0.0002498050942733032
fe_group_max_key_ID_S_7,0.0002493726704715371
fe_freq_enc_fe_group_last_key_ID_D_65,0.000247591006055925
fe_rollingMean_window_6_R_27,0.00024267969649321985
fe_tar_enc_smoothing_fe_group_last_key_ID_D_51,0.00023913166678674047
fe_tar_enc_smoothing_fe_group_last_key_ID_B_20,0.00023776462364399897
fe_recentDiff_interval_1_D_55,0.0002268930040128514
fe_rollingMean_window_6_B_1,0.00022321552512877263
fe_freq_enc_fe_group_last_key_ID_B_38,0.00021661468376416027
fe_group_min_key_ID_P_3,0.00021344605280554374
fe_group_mean_key_ID_S_25,0.0002111603504216797
fe_group_min_key_ID_B_8,0.000210689464974545
fe_group_mean_key_ID_R_27,0.00020995050438954443
fe_group_max_key_ID_D_44,0.00020914063828697538
fe_group_min_key_ID_D_45,0.0002064592800674614
fe_group_last_key_ID_D_46,0.00019771507136862043
fe_kmeans_distance_from_cluster_2,0.0001931445071459148
fe_group_last_key_ID_D_51,0.00019092013955551712
fe_rollingMean_window_6_B_2,0.00018583139009814564
fe_rollingMean_window_6_D_51,0.000185740191000483
fe_group_mean_key_ID_S_23,0.0001854193297626816
fe_rollingMean_window_6_R_1,0.0001842427572137928
fe_group_mean_key_ID_R_3,0.00018386708489531722
fe_rollingMean_window_6_D_45,0.00018071493929400217
fe_tar_enc_smoothing_fe_group_last_key_ID_B_33,0.00017998113373679514
fe_group_max_key_ID_B_3,0.00017913866366958686
fe_recentDiff_interval_1_B_26,0.0001788072939016283
fe_rollingMean_window_6_B_9,0.00017682497762216975
fe_tar_enc_smoothing_fe_group_max_key_ID_R_26,0.00017663919009441864
fe_group_max_key_ID_B_1,0.00017412499201718834
fe_group_max_key_ID_B_11,0.00017193308548507646
fe_freq_enc_fe_group_max_key_ID_D_51,0.000170211698598155
fe_group_mean_key_ID_R_10,0.00016947740453598925
fe_recentDiff_interval_2_B_23,0.00016899509400247759
fe_group_mean_key_ID_R_16,0.0001676036319813723
fe_group_last_key_ID_B_8,0.00016753293220139742
fe_group_max_key_ID_D_65,0.00016568790082704954
fe_group_mean_key_ID_R_2,0.00016557934947225572
fe_group_min_key_ID_D_62,0.0001628507009986957
fe_recentDiff_interval_2_S_23,0.00016225789548990344
fe_group_mean_key_ID_R_5,0.00015580814755572492
fe_group_last_key_ID_B_30,0.0001550359600986928
fe_group_mean_key_ID_D_79,0.00015410704699453381
fe_group_last_key_ID_S_7,0.00015388803060456535
fe_tar_enc_smoothing_fe_group_min_key_ID_R_26,0.00015222878906279158
fe_group_min_key_ID_S_25,0.00015040563743040636
fe_tar_enc_smoothing_fe_group_last_key_ID_R_2,0.00014936809026933062
fe_group_max_key_ID_D_45,0.0001487951970131074
fe_group_mean_key_ID_D_77,0.00014423763786591826
fe_group_max_key_ID_S_23,0.00014387229553824987
fe_tar_enc_smoothing_fe_group_max_key_ID_D_70,0.00014049650166636507
fe_recentDiff_interval_2_D_41,0.0001397849188990441
fe_group_max_key_ID_B_9,0.00013976001867044285
fe_rollingMean_window_6_D_48,0.00013963120973231602
fe_tar_enc_smoothing_fe_group_min_key_ID_D_51,0.000138885644415776
fe_group_mean_key_ID_B_22,0.0001375923153073555
fe_freq_enc_fe_group_max_key_ID_D_129,0.00013640656944241547
fe_group_last_key_ID_B_17,0.00013619595399022577
fe_rollingMean_window_6_D_39,0.00013508752190344309
fe_group_last_key_ID_D_47,0.00013485036374111248
fe_group_max_key_ID_B_4,0.00013372172491926682
fe_group_last_key_ID_S_3,0.00013347896546245241
fe_rollingMean_window_6_B_6,0.00013281066277781584
fe_rollingMean_window_6_D_61,0.00013239059035174972
fe_group_last_key_ID_B_6,0.00013078420487938613
fe_tar_enc_smoothing_fe_group_last_key_ID_R_4,0.00012877002673034044
fe_rollingMean_window_6_B_33,0.0001277097382816339
fe_freq_enc_fe_group_last_key_ID_B_33,0.00012606148997285072
fe_group_max_key_ID_B_23,0.00012578993363648872
fe_rollingMean_window_6_S_7,0.00012546989811884623
fe_group_mean_key_ID_B_1,0.0001249658849177826
fe_tar_enc_smoothing_fe_group_max_key_ID_D_65,0.00012381873381284159
fe_group_last_key_ID_B_10,0.00012332016212335262
fe_recentDiff_interval_1_D_65,0.00012228147459969474
fe_recentDiff_interval_2_B_3,0.00012218284989146122
fe_recentDiff_interval_1_D_41,0.00012186234369659932
fe_rollingMean_window_6_S_3,0.00011978889654440383
fe_freq_enc_fe_group_max_key_ID_D_106,0.0001188421421864927
fe_tar_enc_smoothing_fe_group_max_key_ID_S_15,0.00011874871767159068
fe_kmeans_distance_from_cluster_5,0.00011798452879324683
fe_recentDiff_interval_2_P_2,0.00011791729507215631
fe_group_mean_key_ID_R_6,0.00011746115458488582
fe_group_min_key_ID_D_128,0.00011682664742274085
fe_group_last_key_ID_B_33,0.00011562105163809289
fe_group_mean_key_ID_R_26,0.00011453665849581185
fe_group_max_key_ID_D_51,0.00011389442543452422
fe_group_max_key_ID_S_22,0.0001126880455085133
fe_group_max_key_ID_B_17,0.00011215740727699153
fe_group_mean_key_ID_B_2,0.00011133797198376039
fe_rollingMean_window_6_B_18,0.00011111758300885732
fe_group_last_key_ID_S_22,0.00010953013887587959
fe_rollingMean_window_6_D_43,0.00010849606272245182
fe_recentDiff_interval_2_D_65,0.00010848334239543789
fe_group_min_key_ID_D_56,0.00010840586079291503
fe_group_last_key_ID_D_49,0.00010724582451526743
fe_tar_enc_smoothing_fe_group_last_key_ID_R_26,0.0001068750805371943
fe_group_last_key_ID_S_8,0.00010677586614399326
fe_group_max_key_ID_D_70,0.00010638181219102538
fe_rollingMean_window_6_B_37,0.00010590062553961221
fe_recentDiff_interval_2_B_7,0.0001058353152258995
fe_group_mean_key_ID_B_4,0.00010373966075905017
fe_group_mean_key_ID_B_37,0.00010326122157316986
fe_group_mean_key_ID_D_84,0.00010292129970695951
fe_group_mean_key_ID_R_8,0.0001022160698949115
fe_group_last_key_ID_D_52,9.917573865808604e-05
fe_kmeans_distance_from_cluster_0,9.91067856531691e-05
fe_group_last_key_ID_B_16,9.876032147082547e-05
fe_group_max_key_ID_D_77,9.832149971356063e-05
fe_group_last_key_ID_B_40,9.704688141798368e-05
fe_group_mean_key_ID_B_11,9.64241025884216e-05
fe_group_mean_key_ID_B_40,9.57494227614708e-05
fe_group_max_key_ID_D_132,9.42581615892557e-05
fe_group_mean_key_ID_D_106,9.268792451733177e-05
fe_group_mean_key_ID_D_50,9.151290556491665e-05
fe_tar_enc_smoothing_fe_group_last_key_ID_R_5,9.136800602677075e-05
fe_group_mean_key_ID_D_48,9.13094592790431e-05
fe_group_last_key_ID_R_2,9.066554512476843e-05
fe_group_min_key_ID_B_9,8.964205001871228e-05
fe_group_max_key_ID_B_8,8.913414928507502e-05
fe_tar_enc_smoothing_fe_group_max_key_ID_B_22,8.885115313933545e-05
fe_tar_enc_smoothing_fe_group_min_key_ID_B_33,8.862334559495144e-05
fe_freq_enc_fe_group_last_key_ID_R_26,8.772544671092897e-05
fe_group_last_key_ID_D_75,8.752137629325363e-05
fe_freq_enc_fe_group_last_key_ID_D_44,8.708800191564725e-05
fe_freq_enc_fe_group_max_key_ID_B_4,8.627287771639791e-05
fe_group_max_key_ID_R_26,8.60853524035643e-05
fe_freq_enc_fe_group_last_key_ID_B_20,8.583456198679729e-05
fe_group_min_key_ID_B_20,8.548670936753267e-05
fe_group_min_key_ID_B_2,8.420205200337927e-05
fe_rollingMean_window_6_D_49,8.398661878589175e-05
fe_rollingMean_window_6_P_3,8.311429269020065e-05
fe_group_mean_key_ID_D_78,8.246512065657186e-05
fe_group_mean_key_ID_B_3,8.178991887075604e-05
fe_group_max_key_ID_D_55,8.141296210678606e-05
fe_group_min_key_ID_B_10,8.120066687467009e-05
fe_group_mean_key_ID_D_70,8.030270673298201e-05
fe_group_max_key_ID_P_4,8.01890293938845e-05
fe_tar_enc_smoothing_fe_group_max_key_ID_D_129,8.01318200346346e-05
fe_group_last_key_ID_D_45,8.00824102675235e-05
fe_group_last_key_ID_D_54,7.953221865253379e-05
fe_group_last_key_ID_R_4,7.952269349614793e-05
fe_freq_enc_fe_group_max_key_ID_D_75,7.909052446142262e-05
fe_group_min_key_ID_D_48,7.895153079628958e-05
fe_tar_enc_smoothing_fe_group_last_key_ID_D_106,7.838673230442517e-05
fe_group_last_key_ID_D_55,7.826385911818834e-05
fe_group_last_key_ID_D_53,7.806233273949248e-05
fe_recentDiff_interval_2_D_39,7.670836392748015e-05
fe_group_min_key_ID_D_52,7.60690998611313e-05
fe_freq_enc_fe_group_last_key_ID_D_106,7.568239967986612e-05
fe_group_mean_key_ID_R_4,7.536648984851624e-05
fe_group_max_key_ID_D_128,7.527046108551927e-05
fe_rollingMean_window_6_D_78,7.523186464636344e-05
fe_freq_enc_fe_group_last_key_ID_D_39,7.513029359956791e-05
fe_group_max_key_ID_R_10,7.487627228330851e-05
fe_tar_enc_smoothing_fe_group_last_key_ID_D_114,7.474542216667768e-05
fe_nullCount_D_42,7.461530167335306e-05
fe_tar_enc_smoothing_fe_group_min_key_ID_R_3,7.45495632847315e-05
fe_recentDiff_interval_2_B_26,7.247228166046282e-05
fe_recentDiff_interval_1_D_132,7.224901622493451e-05
fe_group_min_key_ID_B_18,7.201630007891424e-05
fe_group_min_key_ID_B_7,7.101341716730936e-05
fe_group_mean_key_ID_D_49,7.089884870864482e-05
fe_rollingMean_window_6_D_128,7.020661873019529e-05
fe_tar_enc_smoothing_fe_group_max_key_ID_R_5,6.973180824482172e-05
fe_rollingMean_window_6_B_8,6.921731719877755e-05
fe_freq_enc_fe_group_last_key_ID_R_5,6.906460013378357e-05
fe_freq_enc_fe_group_min_key_ID_R_26,6.90617598100296e-05
fe_tar_enc_smoothing_fe_group_max_key_ID_D_49,6.875289528351924e-05
fe_group_last_key_ID_D_58,6.869327762809574e-05
fe_group_last_key_ID_D_84,6.799295182580156e-05
fe_rollingMean_window_6_B_3,6.79553643692099e-05
fe_freq_enc_fe_kmean_cluster_id,6.69811854430713e-05
fe_group_last_key_ID_R_6,6.686188983473507e-05
fe_group_mean_key_ID_S_15,6.666093567153641e-05
fe_group_min_key_ID_D_47,6.664975384806926e-05
fe_group_last_key_ID_D_106,6.652305253335156e-05
fe_rollingMean_window_6_D_41,6.64999278560674e-05
fe_rollingMean_window_6_B_11,6.591771583019934e-05
fe_group_mean_key_ID_B_26,6.582137281363476e-05
fe_group_mean_key_ID_D_128,6.57792171468996e-05
fe_recentDiff_interval_2_B_28,6.564269801884182e-05
fe_group_mean_key_ID_B_19,6.558526914668406e-05
fe_group_mean_key_ID_B_17,6.556057838674745e-05
fe_recentDiff_interval_2_B_9,6.487015740919144e-05
fe_tar_enc_smoothing_fe_group_max_key_ID_D_75,6.465744368089332e-05
fe_tar_enc_smoothing_fe_group_last_key_ID_D_79,6.443038997255846e-05
fe_rollingMean_window_6_B_7,6.352571930845485e-05
fe_rollingMean_window_6_D_54,6.218335928581675e-05
fe_tar_enc_smoothing_fe_group_last_key_ID_D_75,6.200546551593522e-05
fe_group_mean_key_ID_B_18,6.178187972405436e-05
fe_rollingMean_window_6_D_47,6.16910617591282e-05
fe_tar_enc_smoothing_fe_group_last_key_ID_D_74,6.15244775319379e-05
fe_rollingMean_window_6_S_8,6.107102658864383e-05
fe_rollingMean_window_6_R_3,6.0063337394056227e-05
fe_group_mean_key_ID_D_75,5.986724789597275e-05
fe_group_mean_key_ID_B_23,5.882856282940496e-05
fe_nullCount_D_132,5.8604265078032736e-05
fe_group_mean_key_ID_D_81,5.8373543095402436e-05
fe_group_mean_key_ID_R_13,5.7914132611081026e-05
fe_group_last_key_ID_B_19,5.762253498531322e-05
fe_tar_enc_smoothing_fe_group_last_key_ID_D_129,5.742774881917212e-05
fe_rollingMean_window_6_R_4,5.730401402492813e-05
fe_group_min_key_ID_R_26,5.709215703914028e-05
fe_rollingMean_window_6_B_26,5.661277288848687e-05
fe_group_max_key_ID_D_49,5.641924218779959e-05
fe_freq_enc_fe_group_last_key_ID_D_79,5.602201945914542e-05
fe_group_max_key_ID_R_11,5.5861729119754955e-05
fe_tar_enc_smoothing_fe_group_max_key_ID_S_11,5.384355186660583e-05
fe_tar_enc_smoothing_fe_group_min_key_ID_S_11,5.34542751046696e-05
fe_freq_enc_fe_group_max_key_ID_D_81,5.261003725753888e-05
fe_group_mean_key_ID_R_11,5.253058665410926e-05
fe_recentDiff_interval_1_B_3,5.245727524688659e-05
fe_tar_enc_smoothing_fe_group_last_key_ID_B_22,5.237236955141222e-05
fe_group_min_key_ID_D_112,5.223923566033406e-05
fe_group_min_key_ID_B_6,5.197599829603883e-05
fe_rollingMean_window_6_D_52,5.181418354971434e-05
fe_tar_enc_smoothing_fe_group_last_key_ID_S_15,5.170154822259354e-05
fe_group_last_key_ID_B_25,5.1610324129036655e-05
fe_group_max_key_ID_B_10,5.147226951296435e-05
fe_freq_enc_fe_group_last_key_ID_R_3,5.12993203498624e-05
fe_group_max_key_ID_B_37,5.057058684931892e-05
fe_group_max_key_ID_B_2,5.044174312440752e-05
fe_group_last_key_ID_R_26,4.987635595787854e-05
fe_freq_enc_fe_group_last_key_ID_R_2,4.9653066633459364e-05
fe_group_last_key_ID_S_25,4.959245658930911e-05
fe_freq_enc_fe_group_last_key_ID_B_22,4.9376663399658405e-05
fe_group_mean_key_ID_D_52,4.9371252871077687e-05
fe_tar_enc_smoothing_fe_group_min_key_ID_B_20,4.882366262393134e-05
fe_freq_enc_fe_group_min_key_ID_D_51,4.874582173663988e-05
fe_group_min_key_ID_S_8,4.872799280514206e-05
fe_tar_enc_smoothing_fe_group_max_key_ID_D_84,4.845282152560193e-05
fe_freq_enc_fe_group_max_key_ID_D_79,4.841784772269264e-05
fe_recentDiff_interval_1_D_53,4.79972462649747e-05
fe_tar_enc_smoothing_fe_group_max_key_ID_R_16,4.7203055866529287e-05
fe_group_mean_key_ID_D_53,4.707653618990504e-05
fe_freq_enc_fe_group_last_key_ID_B_30,4.699025363880116e-05
fe_group_mean_key_ID_B_10,4.676321394125882e-05
fe_group_last_key_ID_D_128,4.6345541700576476e-05
fe_freq_enc_fe_group_last_key_ID_D_51,4.5988839725397135e-05
fe_tar_enc_smoothing_fe_group_max_key_ID_D_79,4.597827323649106e-05
fe_recentDiff_interval_2_R_4,4.5548879615886495e-05
fe_group_max_key_ID_S_25,4.548088036332443e-05
fe_freq_enc_fe_group_max_key_ID_D_44,4.535917871656414e-05
fe_group_max_key_ID_D_129,4.5027765803173914e-05
fe_rollingMean_window_6_B_4,4.483915198438826e-05
fe_group_min_key_ID_D_58,4.462173134534009e-05
fe_tar_enc_smoothing_fe_group_max_key_ID_D_78,4.441849864161851e-05
fe_recentDiff_interval_1_D_39,4.426979503185935e-05
fe_rollingMean_window_6_D_55,4.423142646498013e-05
fe_group_mean_key_ID_D_56,4.395515671923311e-05
fe_freq_enc_fe_group_min_key_ID_B_20,4.393537271979442e-05
fe_group_mean_key_ID_D_46,4.3904214440781963e-05
fe_freq_enc_fe_group_min_key_ID_R_3,4.3812322511382895e-05
fe_group_max_key_ID_S_15,4.3674269722460135e-05
fe_rollingMean_window_6_S_25,4.360543875220335e-05
fe_group_last_key_ID_D_50,4.3235217706272255e-05
fe_recentDiff_interval_2_S_25,4.313830594410151e-05
fe_group_max_key_ID_S_5,4.269147823249275e-05
fe_group_last_key_ID_D_120,4.266998596563765e-05
fe_recentDiff_interval_2_B_20,4.2635995990025766e-05
fe_group_min_key_ID_S_11,4.255527545471427e-05
fe_group_min_key_ID_D_133,4.249573395748163e-05
fe_group_last_key_ID_B_14,4.242285703354165e-05
fe_group_mean_key_ID_D_129,4.226115644523354e-05
fe_group_min_key_ID_D_46,4.1868075784934344e-05
fe_rollingMean_window_6_D_129,4.126952428323838e-05
fe_rollingMean_window_6_B_23,4.110665267387237e-05
fe_group_min_key_ID_R_1,4.108517372602982e-05
fe_recentDiff_interval_2_D_48,4.086509426259877e-05
fe_group_last_key_ID_D_62,4.083917461450426e-05
fe_recentDiff_interval_1_B_23,4.067467316420936e-05
fe_group_max_key_ID_R_13,4.067301490207065e-05
fe_group_max_key_ID_D_121,4.0388670050073294e-05
fe_group_mean_key_ID_S_8,4.0332649545282706e-05
fe_freq_enc_fe_group_max_key_ID_R_11,3.984170203669146e-05
fe_group_max_key_ID_R_16,3.98335328420929e-05
fe_rollingMean_window_6_B_10,3.979229495665315e-05
fe_rollingMean_window_6_B_20,3.9727279285250994e-05
fe_group_max_key_ID_B_16,3.963405350743132e-05
fe_group_min_key_ID_B_40,3.94933038013745e-05
fe_recentDiff_interval_2_B_11,3.94485397742228e-05
fe_tar_enc_smoothing_fe_group_max_key_ID_B_16,3.9399200390866085e-05
fe_group_max_key_ID_D_46,3.883903078855111e-05
fe_group_min_key_ID_B_33,3.823562305926842e-05
fe_group_mean_key_ID_D_47,3.812342556208659e-05
fe_tar_enc_smoothing_fe_group_last_key_ID_D_117,3.778508216556453e-05
fe_rollingMean_window_6_D_58,3.7703017992052335e-05
fe_rollingMean_window_6_D_50,3.754555020618611e-05
fe_group_mean_key_ID_B_6,3.711698647840267e-05
fe_recentDiff_interval_2_B_4,3.70040147905093e-05
fe_rollingMean_window_6_B_17,3.6731849253512916e-05
fe_group_max_key_ID_R_5,3.661323519027482e-05
fe_freq_enc_fe_group_max_key_ID_R_26,3.646355850983607e-05
fe_group_max_key_ID_D_74,3.639662286425427e-05
fe_group_max_key_ID_S_8,3.6389000065306654e-05
fe_group_mean_key_ID_B_16,3.5692380689900105e-05
fe_rollingMean_window_6_B_5,3.5685200247881355e-05
fe_group_max_key_ID_D_47,3.52937548837029e-05
fe_rollingMean_window_6_D_106,3.493349929661882e-05
fe_recentDiff_interval_1_D_50,3.492736153892784e-05
fe_group_last_key_ID_S_24,3.446993992062275e-05
fe_rollingMean_window_6_R_16,3.352029836284354e-05
fe_tar_enc_smoothing_fe_group_last_key_ID_D_70,3.3363378064810156e-05
fe_group_min_key_ID_D_55,3.3348462360638376e-05
fe_group_max_key_ID_R_2,3.332369681025016e-05
fe_tar_enc_smoothing_fe_group_last_key_ID_B_16,3.327825026433473e-05
fe_group_mean_key_ID_P_4,3.299148835966825e-05
fe_rollingMean_window_6_D_84,3.2716756338535546e-05
fe_group_max_key_ID_D_78,3.230143711285827e-05
fe_tar_enc_smoothing_fe_group_last_key_ID_R_3,3.211140820125191e-05
fe_group_mean_key_ID_S_22,3.202029825022379e-05
fe_group_max_key_ID_R_15,3.1431077323285095e-05
fe_tar_enc_smoothing_fe_group_max_key_ID_R_13,3.142478779977198e-05
fe_group_last_key_ID_D_59,3.085428837756865e-05
fe_nullCount_D_56,3.0746342517262715e-05
fe_recentDiff_interval_1_S_23,3.0721051501758634e-05
fe_group_last_key_ID_D_72,3.069769891633767e-05
fe_group_last_key_ID_D_70,3.061327377457124e-05
fe_nullCount_B_17,3.055979798721742e-05
fe_freq_enc_fe_group_max_key_ID_R_21,3.0550783568450424e-05
fe_group_max_key_ID_D_79,2.9893332108787973e-05
fe_group_min_key_ID_B_16,2.960428777909474e-05
fe_recentDiff_interval_1_B_20,2.9573642855384996e-05
fe_group_min_key_ID_S_9,2.9507351361923728e-05
fe_group_mean_key_ID_S_11,2.9454372803605633e-05
fe_group_last_key_ID_S_15,2.9354851195151355e-05
fe_tar_enc_smoothing_fe_group_min_key_ID_D_129,2.924770280771094e-05
fe_group_min_key_ID_D_132,2.9122540158355026e-05
fe_group_max_key_ID_B_7,2.893573426182572e-05
fe_group_max_key_ID_P_3,2.892978522128775e-05
fe_recentDiff_interval_2_B_37,2.8890868147835036e-05
fe_group_max_key_ID_D_53,2.8870839864525433e-05
fe_tar_enc_smoothing_fe_group_max_key_ID_D_51,2.8825874937188356e-05
fe_rollingMean_window_6_B_22,2.870318672371086e-05
fe_recentDiff_interval_1_R_2,2.8623727908849705e-05
fe_group_min_key_ID_B_11,2.8593665481690955e-05
fe_group_last_key_ID_D_142,2.8421569590098006e-05
fe_recentDiff_interval_1_R_1,2.8393389422065596e-05
fe_freq_enc_fe_group_max_key_ID_R_15,2.82851844635168e-05
fe_group_max_key_ID_D_81,2.8171530185194804e-05
fe_group_mean_key_ID_S_16,2.80962845561894e-05
fe_freq_enc_fe_group_last_key_ID_S_15,2.7836806981651474e-05
fe_freq_enc_fe_group_max_key_ID_R_2,2.7809255011113088e-05
fe_group_max_key_ID_D_50,2.7695254848802975e-05
fe_freq_enc_fe_group_last_key_ID_D_120,2.7475580107960695e-05
fe_freq_enc_fe_group_max_key_ID_D_74,2.7424317733393266e-05
fe_group_min_key_ID_D_54,2.7224524604352318e-05
fe_group_mean_key_ID_S_9,2.7195171268812324e-05
fe_recentDiff_interval_2_R_10,2.7087623421018225e-05
fe_group_min_key_ID_B_1,2.692628717482215e-05
fe_group_max_key_ID_D_89,2.691665397464016e-05
fe_group_max_key_ID_D_84,2.6844929423286423e-05
fe_rollingMean_window_6_D_112,2.6597093594205035e-05
fe_tar_enc_smoothing_fe_group_min_key_ID_D_70,2.6118229221328004e-05
fe_freq_enc_fe_group_min_key_ID_B_33,2.6074579192403302e-05
fe_group_last_key_ID_S_13,2.5866101404647956e-05
fe_freq_enc_fe_group_last_key_ID_D_129,2.585395933807355e-05
fe_recentDiff_interval_1_D_78,2.583876014561337e-05
fe_rollingMean_window_6_R_10,2.5624530917423005e-05
fe_freq_enc_fe_group_last_key_ID_R_4,2.5592222332559977e-05
fe_freq_enc_fe_group_max_key_ID_R_16,2.5532203328793024e-05
fe_group_max_key_ID_D_56,2.5136368276612586e-05
fe_group_mean_key_ID_B_20,2.5091980067948327e-05
fe_tar_enc_smoothing_fe_group_last_key_ID_B_30,2.46621984116846e-05
fe_rollingMean_window_6_D_72,2.4479861242765466e-05
fe_group_max_key_ID_D_75,2.431904478567004e-05
fe_tar_enc_smoothing_fe_group_last_key_ID_D_91,2.4123953271060206e-05
fe_group_min_key_ID_R_3,2.4017372937779058e-05
fe_tar_enc_smoothing_fe_group_max_key_ID_R_8,2.385761161410871e-05
fe_group_last_key_ID_D_114,2.375086996714293e-05
fe_group_last_key_ID_S_5,2.3650378410289274e-05
fe_group_last_key_ID_D_132,2.3595452865010635e-05
fe_rollingMean_window_6_S_22,2.359166979143401e-05
fe_group_last_key_ID_D_56,2.3490348070864808e-05
fe_group_min_key_ID_B_37,2.3013181918274395e-05
fe_tar_enc_smoothing_fe_group_max_key_ID_D_74,2.293863362717863e-05
fe_recentDiff_interval_1_S_3,2.267563241581394e-05
fe_group_last_key_ID_D_121,2.266268738748689e-05
fe_group_min_key_ID_B_23,2.2646153732597263e-05
fe_freq_enc_fe_group_max_key_ID_R_8,2.2533179366179823e-05
fe_group_mean_key_ID_D_132,2.2313606607093917e-05
fe_tar_enc_smoothing_fe_group_max_key_ID_D_106,2.2272440469983668e-05
fe_freq_enc_fe_group_max_key_ID_S_15,2.191742534296548e-05
fe_group_last_key_ID_B_22,2.1855583596575023e-05
fe_recentDiff_interval_1_B_28,2.1798820940166497e-05
fe_recentDiff_interval_2_B_17,2.174992731007741e-05
fe_recentDiff_interval_2_D_56,2.14688054193668e-05
fe_tar_enc_smoothing_fe_group_last_key_ID_D_81,2.1415219272680197e-05
fe_group_mean_key_ID_S_5,2.1367060495491863e-05
fe_group_mean_key_ID_B_33,2.1332628167669565e-05
fe_freq_enc_fe_group_max_key_ID_R_10,2.1272378345926768e-05
fe_freq_enc_fe_group_last_key_ID_B_16,2.122632733891905e-05
fe_recentDiff_interval_1_B_17,2.1198228741636793e-05
fe_tar_enc_smoothing_fe_group_last_key_ID_D_120,2.0982038323236196e-05
fe_rollingMean_window_6_S_15,2.0668065030982063e-05
fe_recentDiff_interval_2_B_18,2.062175501676977e-05
fe_group_max_key_ID_D_59,2.061678376497067e-05
fe_tar_enc_smoothing_fe_group_max_key_ID_R_10,2.0592609439151754e-05
fe_freq_enc_fe_group_max_key_ID_R_13,2.051586208479117e-05
fe_nullCount_D_53,2.049549221433411e-05
fe_group_last_key_ID_D_60,2.0459597762534365e-05
fe_group_min_key_ID_S_23,2.033957660374508e-05
fe_tar_enc_smoothing_fe_group_min_key_ID_D_125,2.009004596814634e-05
fe_group_max_key_ID_B_14,2.004543941813708e-05
fe_recentDiff_interval_2_R_16,1.9972391785583188e-05
fe_group_min_key_ID_D_69,1.9949771509153447e-05
fe_tar_enc_smoothing_fe_group_last_key_ID_D_64,1.993159513291598e-05
fe_recentDiff_interval_1_B_1,1.992071743955881e-05
fe_recentDiff_interval_1_P_3,1.9912719189496553e-05
fe_freq_enc_fe_group_max_key_ID_R_5,1.9507136729102204e-05
fe_group_mean_key_ID_D_55,1.9372086893343354e-05
fe_tar_enc_smoothing_fe_group_max_key_ID_D_127,1.932592115050369e-05
fe_rollingMean_window_6_D_127,1.9171542153029186e-05
fe_group_mean_key_ID_D_59,1.9139220098551846e-05
fe_group_mean_key_ID_D_61,1.9034743582668767e-05
fe_group_min_key_ID_B_5,1.8855094704228748e-05
fe_freq_enc_fe_group_max_key_ID_D_82,1.8847549431877386e-05
fe_tar_enc_smoothing_fe_group_last_key_ID_D_84,1.8685544606600324e-05
fe_group_mean_key_ID_S_26,1.8609498144361858e-05
fe_group_max_key_ID_D_112,1.8299130487120507e-05
fe_group_min_key_ID_D_51,1.8206575843282558e-05
fe_recentDiff_interval_1_B_2,1.7968316710137433e-05
fe_freq_enc_fe_group_last_key_ID_R_8,1.790659825878782e-05
fe_tar_enc_smoothing_fe_group_min_key_ID_D_106,1.7883857207745546e-05
fe_rollingMean_window_6_D_107,1.7743388552593498e-05
fe_recentDiff_interval_1_S_26,1.7722712879086888e-05
fe_group_max_key_ID_R_4,1.7640100528293345e-05
fe_group_min_key_ID_S_27,1.7626043561869142e-05
fe_rollingMean_window_6_R_8,1.7509506111623718e-05
fe_group_mean_key_ID_D_58,1.7433393403543107e-05
fe_freq_enc_fe_group_last_key_ID_D_114,1.734872061776027e-05
fe_rollingMean_window_6_S_6,1.7338495064911363e-05
fe_group_mean_key_ID_D_107,1.7262631136716333e-05
fe_rollingMean_window_6_R_12,1.726206227453675e-05
fe_tar_enc_smoothing_fe_group_max_key_ID_R_15,1.7255986682007673e-05
fe_tar_enc_smoothing_fe_group_max_key_ID_R_11,1.7230437700965773e-05
fe_rollingMean_window_6_D_53,1.7221885895979394e-05
fe_group_mean_key_ID_B_21,1.721999563419896e-05
fe_tar_enc_smoothing_fe_group_last_key_ID_D_49,1.715124874157592e-05
fe_group_mean_key_ID_D_131,1.7146208802831797e-05
fe_tar_enc_smoothing_fe_group_last_key_ID_D_68,1.7109196718712028e-05
fe_rollingMean_window_6_D_144,1.7022348551942734e-05
fe_recentDiff_interval_2_D_58,1.6955942476082342e-05
fe_group_last_key_ID_B_13,1.6928798917958954e-05
fe_group_min_key_ID_D_49,1.6870674706459532e-05
fe_group_last_key_ID_D_104,1.685183639860144e-05
fe_freq_enc_fe_group_max_key_ID_B_22,1.6837382937950895e-05
fe_group_max_key_ID_D_122,1.680478217586101e-05
fe_group_max_key_ID_B_6,1.6671087153530273e-05
fe_group_min_key_ID_D_119,1.6522981663213976e-05
fe_rollingMean_window_6_D_59,1.6456348997107018e-05
fe_group_max_key_ID_R_7,1.6288485680970854e-05
fe_group_max_key_ID_S_13,1.627164749462562e-05
fe_freq_enc_fe_group_min_key_ID_B_4,1.6183407520964366e-05
fe_tar_enc_smoothing_fe_group_last_key_ID_R_9,1.6140793445029722e-05
fe_group_min_key_ID_S_13,1.608312054973693e-05
fe_nullCount_S_27,1.6074899779117136e-05
fe_recentDiff_interval_2_S_17,1.5983428730992344e-05
fe_recentDiff_interval_1_R_7,1.5976393348882123e-05
fe_rollingMean_window_6_D_76,1.5860051010951892e-05
fe_group_mean_key_ID_D_118,1.581658190824564e-05
fe_group_last_key_ID_D_144,1.5806067677259783e-05
fe_group_last_key_ID_D_129,1.579543336255318e-05
fe_group_max_key_ID_B_20,1.5743488409158957e-05
fe_recentDiff_interval_1_S_7,1.573975168878139e-05
fe_recentDiff_interval_2_S_7,1.5682665793770312e-05
fe_tar_enc_smoothing_fe_group_min_key_ID_B_4,1.5577957874157722e-05
fe_group_max_key_ID_B_25,1.5447581693972534e-05
fe_group_min_key_ID_D_102,1.5397679590745117e-05
fe_freq_enc_fe_group_last_key_ID_S_11,1.5197248419862586e-05
fe_group_mean_key_ID_B_9,1.51959662205714e-05
fe_group_max_key_ID_D_142,1.5067200496321487e-05
fe_group_min_key_ID_D_118,1.5050794113014021e-05
fe_group_mean_key_ID_D_89,1.4965488547180605e-05
fe_recentDiff_interval_2_B_24,1.4881548509093623e-05
fe_recentDiff_interval_2_D_118,1.4793058466466835e-05
fe_tar_enc_smoothing_fe_group_last_key_ID_D_145,1.4787542494065775e-05
fe_group_last_key_ID_B_24,1.4668234888048914e-05
fe_group_max_key_ID_S_27,1.4534223152840031e-05
fe_group_min_key_ID_S_19,1.4489234751446922e-05
fe_group_max_key_ID_D_60,1.4423969913690549e-05
fe_group_last_key_ID_D_78,1.4327115590961892e-05
fe_recentDiff_interval_2_S_3,1.4322436072189415e-05
fe_freq_enc_fe_group_min_key_ID_D_75,1.4307275811586972e-05
fe_rollingMean_window_6_B_15,1.4198759562267238e-05
fe_recentDiff_interval_1_B_25,1.4094573912104558e-05
fe_tar_enc_smoothing_fe_group_last_key_ID_D_124,1.4088044332560834e-05
fe_group_max_key_ID_D_133,1.4048397736554641e-05
fe_group_max_key_ID_D_69,1.3894143538306647e-05
fe_freq_enc_fe_group_max_key_ID_S_20,1.383613858696453e-05
fe_group_mean_key_ID_B_15,1.3739997163031425e-05
fe_tar_enc_smoothing_fe_group_max_key_ID_S_20,1.3711197324017821e-05
fe_recentDiff_interval_2_R_11,1.3692520497543548e-05
fe_tar_enc_smoothing_fe_group_max_key_ID_D_124,1.3626696733770594e-05
fe_group_min_key_ID_D_142,1.3614688771756978e-05
fe_group_mean_key_ID_R_14,1.361210628308962e-05
fe_group_max_key_ID_D_58,1.3529597120198744e-05
fe_freq_enc_fe_group_max_key_ID_R_9,1.3467327535210405e-05
fe_rollingMean_window_6_B_41,1.337697093367618e-05
fe_recentDiff_interval_2_D_72,1.335432306398543e-05
fe_freq_enc_fe_group_max_key_ID_D_49,1.3347404846542066e-05
fe_group_last_key_ID_D_135,1.3160955273927577e-05
fe_group_min_key_ID_D_115,1.3090293118689367e-05
fe_group_mean_key_ID_R_12,1.3036401626642657e-05
fe_recentDiff_interval_1_D_118,1.3000699924381465e-05
fe_freq_enc_fe_group_max_key_ID_D_70,1.296560196850649e-05
fe_group_last_key_ID_D_131,1.2953952104877153e-05
fe_group_last_key_ID_R_3,1.2636422771050704e-05
fe_group_max_key_ID_D_61,1.2600357287062547e-05
fe_rollingMean_window_6_B_25,1.2477313729608586e-05
fe_group_mean_key_ID_B_13,1.223759391788537e-05
fe_group_max_key_ID_R_6,1.2228855974127928e-05
fe_recentDiff_interval_2_D_104,1.2169289660246552e-05
fe_recentDiff_interval_1_D_43,1.2152677189791738e-05
fe_group_max_key_ID_S_11,1.2133017822546499e-05
fe_rollingMean_window_6_S_24,1.210730149053818e-05
fe_freq_enc_fe_group_min_key_ID_D_113,1.2078297483009148e-05
fe_group_last_key_ID_R_7,1.2026094839800994e-05
fe_tar_enc_smoothing_fe_group_max_key_ID_D_122,1.2014387976155838e-05
fe_tar_enc_smoothing_fe_group_max_key_ID_D_91,1.1875744341027783e-05
fe_group_min_key_ID_B_3,1.1812726052939926e-05
fe_recentDiff_interval_1_B_14,1.1799595101946725e-05
fe_group_min_key_ID_S_5,1.177710257610487e-05
fe_group_min_key_ID_D_131,1.1755200118424014e-05
fe_group_min_key_ID_B_25,1.1738115764436952e-05
fe_group_min_key_ID_S_22,1.1693882294938618e-05
fe_group_min_key_ID_D_60,1.167692031073253e-05
fe_group_max_key_ID_D_76,1.1633142829869936e-05
fe_group_max_key_ID_D_130,1.1602078563710538e-05
fe_recentDiff_interval_2_R_7,1.1553237146966211e-05
fe_group_mean_key_ID_S_13,1.1490316315365678e-05
fe_tar_enc_smoothing_fe_group_last_key_ID_D_107,1.1480813770614606e-05
fe_recentDiff_interval_2_D_79,1.1361114780727988e-05
fe_freq_enc_fe_group_last_key_ID_D_113,1.1360589142694888e-05
fe_recentDiff_interval_2_B_6,1.1343868949631464e-05
fe_tar_enc_smoothing_fe_group_max_key_ID_D_103,1.1299924385588245e-05
fe_group_last_key_ID_R_8,1.1289561960947658e-05
fe_freq_enc_fe_group_max_key_ID_B_20,1.1102085246239568e-05
fe_tar_enc_smoothing_fe_group_max_key_ID_D_107,1.1083836493008814e-05
fe_rollingMean_window_6_D_119,1.107365236668878e-05
fe_group_max_key_ID_D_138,1.1067731521763324e-05
fe_recentDiff_interval_1_D_69,1.0970609679639143e-05
fe_group_min_key_ID_D_107,1.0848715581546209e-05
fe_freq_enc_fe_group_last_key_ID_D_64,1.078554627120809e-05
fe_recentDiff_interval_1_P_2,1.0747510496678103e-05
fe_recentDiff_interval_1_S_5,1.0738378936947512e-05
fe_recentDiff_interval_1_S_8,1.0724920378013536e-05
fe_tar_enc_smoothing_fe_group_last_key_ID_D_59,1.0714009281820314e-05
fe_tar_enc_smoothing_fe_group_min_key_ID_B_16,1.069209837822882e-05
fe_group_last_key_ID_D_76,1.068979665236336e-05
fe_nullCount_D_73,1.0613325384656314e-05
fe_group_mean_key_ID_S_20,1.0573256086665594e-05
fe_freq_enc_fe_group_min_key_ID_S_11,1.0554434216325514e-05
fe_tar_enc_smoothing_fe_group_max_key_ID_D_72,1.0496283510963433e-05
fe_group_mean_key_ID_D_104,1.0468807638552846e-05
fe_group_min_key_ID_B_36,1.0413223301031227e-05
fe_group_mean_key_ID_D_91,1.0311084205294474e-05
fe_freq_enc_fe_group_min_key_ID_D_125,1.0297394010816419e-05
fe_group_max_key_ID_D_71,1.0234456140068016e-05
fe_group_mean_key_ID_D_119,1.0215720623096836e-05
fe_transaction_days_max,1.0048852891852977e-05
fe_group_last_key_ID_R_14,1.0035768208738194e-05
fe_recentDiff_interval_1_S_9,1.0014246581702135e-05
fe_freq_enc_fe_group_last_key_ID_R_11,9.99679009067167e-06
fe_group_max_key_ID_D_104,9.95649640433971e-06
fe_group_mean_key_ID_D_54,9.880220763314185e-06
fe_freq_enc_fe_group_last_key_ID_D_135,9.810232985185685e-06
fe_group_max_key_ID_D_145,9.775805941247828e-06
fe_recentDiff_interval_2_B_40,9.7479932387734e-06
fe_group_last_key_ID_S_11,9.733312970272578e-06
fe_tar_enc_smoothing_fe_group_last_key_ID_D_80,9.727279261462218e-06
fe_tar_enc_smoothing_fe_group_last_key_ID_D_126,9.695255241248812e-06
fe_rollingMean_window_6_R_6,9.69346826795725e-06
fe_group_last_key_ID_D_91,9.66923803102926e-06
fe_rollingMean_window_6_D_77,9.648974363396512e-06
fe_recentDiff_interval_2_D_141,9.6394598497751e-06
fe_recentDiff_interval_1_S_27,9.615083420067005e-06
fe_group_max_key_ID_D_141,9.575539763551077e-06
fe_group_last_key_ID_B_28,9.57405797585853e-06
fe_tar_enc_smoothing_fe_group_min_key_ID_D_124,9.55476857517068e-06
fe_nullCount_B_39,9.443454186630618e-06
fe_recentDiff_interval_2_S_22,9.435886914266334e-06
fe_rollingMean_window_6_D_124,9.322656095989146e-06
fe_rollingMean_window_6_D_104,9.309218781283768e-06
fe_freq_enc_fe_group_min_key_ID_D_123,9.30623125539043e-06
fe_recentDiff_interval_2_B_25,9.201554864612937e-06
fe_recentDiff_interval_1_B_4,9.164374534520459e-06
fe_recentDiff_interval_2_D_132,9.153555777907663e-06
fe_nullCount_D_50,9.112965854762844e-06
fe_recentDiff_interval_1_B_37,9.104416251792813e-06
fe_group_mean_key_ID_S_27,9.074998935709733e-06
fe_recentDiff_interval_1_S_16,9.063859995939172e-06
fe_recentDiff_interval_2_D_44,9.044061003826709e-06
fe_rollingMean_window_6_S_11,9.041896911865521e-06
fe_group_min_key_ID_D_91,9.010720388225035e-06
fe_recentDiff_interval_2_B_10,8.999755954586242e-06
fe_group_mean_key_ID_D_144,8.970857885370886e-06
fe_group_last_key_ID_S_9,8.952983861887365e-06
fe_group_max_key_ID_R_17,8.91898723237583e-06
fe_group_min_key_ID_B_22,8.852804953884963e-06
fe_group_max_key_ID_D_137,8.820355771765875e-06
fe_recentDiff_interval_1_R_6,8.776241616437197e-06
fe_rollingMean_window_6_S_17,8.70713482786778e-06
fe_group_max_key_ID_B_21,8.698553808306198e-06
fe_freq_enc_fe_group_min_key_ID_D_79,8.625113672167117e-06
fe_recentDiff_interval_2_D_91,8.620296753303336e-06
fe_tar_enc_smoothing_fe_group_min_key_ID_D_79,8.595171245961986e-06
fe_group_mean_key_ID_D_83,8.536588141927481e-06
fe_nullCount_D_119,8.487310359572842e-06
fe_rollingMean_window_6_D_71,8.480435766955452e-06
fe_group_max_key_ID_D_62,8.346933778380361e-06
fe_recentDiff_interval_2_D_138,8.345966734102372e-06
fe_rollingMean_window_6_D_69,8.3362860082703e-06
fe_rollingMean_window_6_B_12,8.292203187099112e-06
fe_freq_enc_fe_group_last_key_ID_D_68,8.285330667601176e-06
fe_group_mean_key_ID_D_123,8.280524530446254e-06
fe_group_last_key_ID_B_15,8.27920487284084e-06
fe_freq_enc_fe_group_last_key_ID_D_145,8.237575845615464e-06
fe_nullCount_D_43,8.118684434788026e-06
fe_recentDiff_interval_1_B_9,8.012728045292405e-06
fe_group_min_key_ID_B_21,7.9875085758907e-06
fe_recentDiff_interval_2_P_4,7.958947004449435e-06
fe_rollingMean_window_6_R_21,7.930383013277087e-06
fe_recentDiff_interval_2_S_13,7.87957114550819e-06
fe_recentDiff_interval_1_D_42,7.876987762001075e-06
fe_group_max_key_ID_B_15,7.858645476255255e-06
fe_recentDiff_interval_1_B_8,7.837740220228984e-06
fe_group_mean_key_ID_S_17,7.830218897941776e-06
fe_rollingMean_window_6_P_4,7.815736504601656e-06
fe_group_last_key_ID_D_102,7.799882917991496e-06
fe_rollingMean_window_6_D_79,7.789461054175106e-06
fe_rollingMean_window_6_D_133,7.772657117044446e-06
fe_group_max_key_ID_S_20,7.759723965605758e-06
fe_recentDiff_interval_2_D_102,7.744996320779851e-06
fe_recentDiff_interval_1_D_77,7.730555417084783e-06
fe_group_last_key_ID_D_105,7.709459949545305e-06
fe_recentDiff_interval_2_S_26,7.6954891483072e-06
fe_group_min_key_ID_B_19,7.68686076529912e-06
fe_rollingMean_window_6_B_36,7.668397268845162e-06
fe_recentDiff_interval_1_D_84,7.658612865335535e-06
fe_group_min_key_ID_D_113,7.628351259836297e-06
fe_recentPayDiffBeforePay,7.603695546198885e-06
fe_group_max_key_ID_D_136,7.5712267004757194e-06
fe_recentDiff_interval_1_D_141,7.532376664509677e-06
fe_group_min_key_ID_D_129,7.516231194548695e-06
fe_freq_enc_fe_group_max_key_ID_B_16,7.5101693030599215e-06
fe_recentDiff_interval_1_S_25,7.5064073954411725e-06
fe_group_mean_key_ID_D_74,7.497031561165546e-06
fe_rollingMean_window_6_R_24,7.470136505427494e-06
fe_recentDiff_interval_1_D_142,7.427859682218596e-06
fe_group_max_key_ID_D_123,7.381302207287721e-06
fe_recentDiff_interval_1_D_62,7.35759620573706e-06
fe_freq_enc_fe_group_max_key_ID_D_72,7.335930025609283e-06
fe_group_last_key_ID_D_122,7.319595481225516e-06
fe_group_last_key_ID_D_89,7.2680032401906125e-06
fe_tar_enc_smoothing_fe_group_min_key_ID_D_44,7.226964899409438e-06
fe_nullCount_S_7,7.122091180922219e-06
fe_recentDiff_interval_1_B_11,7.066505177732996e-06
fe_recentDiff_interval_2_D_45,7.042165726334204e-06
fe_recentDiff_interval_2_D_76,7.038129643366364e-06
fe_nullCount_D_48,7.023428996666414e-06
fe_group_min_key_ID_D_103,6.99724892549991e-06
fe_recentDiff_interval_1_D_102,6.93245021221589e-06
fe_group_min_key_ID_D_122,6.915594756073951e-06
fe_recentDiff_interval_1_D_46,6.875610987500114e-06
fe_tar_enc_smoothing_fe_group_min_key_ID_D_49,6.874869776296588e-06
fe_recentDiff_interval_2_D_144,6.869399795550457e-06
fe_freq_enc_fe_group_max_key_ID_D_113,6.867107441410614e-06
fe_group_max_key_ID_D_102,6.804988005870705e-06
fe_group_last_key_ID_D_133,6.789030601028756e-06
fe_tar_enc_smoothing_fe_group_last_key_ID_D_135,6.7803215473838385e-06
fe_group_mean_key_ID_D_139,6.7766459618257e-06
fe_group_max_key_ID_R_14,6.771443221309514e-06
fe_tar_enc_smoothing_fe_group_max_key_ID_D_143,6.764439011874845e-06
fe_nullCount_D_142,6.734423691090452e-06
fe_group_max_key_ID_S_17,6.712780676376706e-06
fe_rollingMean_window_6_R_17,6.675014087131892e-06
fe_group_last_key_ID_D_130,6.649043659601173e-06
fe_recentDiff_interval_2_D_127,6.639002383124204e-06
fe_group_max_key_ID_D_103,6.584257011721384e-06
fe_group_min_key_ID_D_79,6.556794796219734e-06
fe_group_mean_key_ID_B_12,6.548655899385469e-06
fe_group_max_key_ID_B_28,6.5054760446381366e-06
fe_recentDiff_interval_2_D_105,6.468535273973508e-06
fe_recentDiff_interval_1_D_122,6.449654210982647e-06
fe_group_last_key_ID_D_103,6.411281114171441e-06
fe_nullCount_D_88,6.405785003216202e-06
fe_tar_enc_smoothing_fe_group_max_key_ID_D_80,6.350658334763892e-06
fe_group_last_key_ID_S_17,6.298048532638045e-06
fe_rollingMean_window_6_D_137,6.2948418967923025e-06
fe_group_max_key_ID_D_54,6.288423594624781e-06
fe_freq_enc_fe_group_max_key_ID_D_103,6.277881436700383e-06
fe_rollingMean_window_6_S_13,6.2532287600225445e-06
fe_group_max_key_ID_B_5,6.233471979533167e-06
fe_group_min_key_ID_S_6,6.218079572295476e-06
fe_rollingMean_window_6_B_27,6.198636146703684e-06
fe_tar_enc_smoothing_fe_group_min_key_ID_D_74,6.188753448266304e-06
fe_freq_enc_fe_group_last_key_ID_R_13,6.119703905516083e-06
fe_group_max_key_ID_R_12,6.107798147469978e-06
fe_recentDiff_interval_2_D_43,6.08506304644596e-06
fe_group_last_key_ID_D_140,6.068417908067225e-06
fe_tar_enc_smoothing_fe_group_last_key_ID_D_143,6.027444820810857e-06
fe_group_max_key_ID_S_12,6.003956293521018e-06
fe_group_mean_key_ID_D_103,5.996436771016356e-06
fe_freq_enc_fe_group_min_key_ID_R_9,5.979908410280732e-06
fe_rollingMean_window_6_D_115,5.960384926728679e-06
fe_recentDiff_interval_2_S_11,5.956684391739131e-06
fe_rollingMean_window_6_B_21,5.951734291020916e-06
fe_tar_enc_smoothing_fe_group_min_key_ID_D_75,5.938529659577085e-06
fe_group_last_key_ID_D_110,5.921507425288297e-06
fe_nullCount_D_105,5.903938771423256e-06
fe_group_last_key_ID_S_12,5.881543763075481e-06
fe_recentDiff_interval_1_S_19,5.827827144699871e-06
fe_group_mean_key_ID_R_7,5.81406728372702e-06
fe_rollingMean_window_6_S_19,5.771886106842317e-06
fe_rollingMean_window_6_D_123,5.744194158219251e-06
fe_group_min_key_ID_B_14,5.704912592274791e-06
fe_rollingMean_window_6_S_27,5.686370215307601e-06
fe_recentDiff_interval_1_D_115,5.682118193461871e-06
fe_group_min_key_ID_B_27,5.67549868568662e-06
fe_freq_enc_fe_group_max_key_ID_D_136,5.588481565677039e-06
fe_group_last_key_ID_D_74,5.567708592224552e-06
fe_group_max_key_ID_D_134,5.567260494443449e-06
fe_recentDiff_interval_2_S_9,5.514342692192198e-06
fe_recentDiff_interval_1_R_20,5.4792033361561465e-06
fe_rollingMean_window_6_D_135,5.4368583576325236e-06
fe_rollingMean_window_6_D_143,5.426181262646601e-06
fe_group_mean_key_ID_B_28,5.425123447699853e-06
fe_group_max_key_ID_D_72,5.403804442971616e-06
fe_recentDiff_interval_2_S_19,5.403081491495154e-06
fe_tar_enc_smoothing_fe_group_max_key_ID_D_136,5.402629235762291e-06
fe_rollingMean_window_6_R_7,5.399231654157344e-06
fe_recentDiff_interval_2_D_115,5.3895132901549125e-06
fe_recentDiff_interval_2_D_112,5.389317763837553e-06
fe_group_min_key_ID_D_75,5.345382348587169e-06
fe_recentDiff_interval_1_R_15,5.340588639768384e-06
fe_group_last_key_ID_S_26,5.269637249616377e-06
fe_rollingMean_window_6_D_118,5.2611669639213154e-06
fe_group_max_key_ID_B_26,5.23802342256019e-06
fe_nullCount_B_13,5.223787002073266e-06
fe_group_min_key_ID_B_12,5.186333781104224e-06
fe_group_mean_key_ID_B_36,5.147555705686813e-06
fe_recentDiff_interval_1_D_52,5.145506956016899e-06
fe_rollingMean_window_6_B_31,5.106368159701891e-06
fe_recentDiff_interval_2_B_2,5.088609334569227e-06
fe_recentDiff_interval_1_R_11,5.070890299607722e-06
fe_freq_enc_fe_group_last_key_ID_D_49,5.037455653056355e-06
fe_tar_enc_smoothing_fe_group_min_key_ID_D_122,5.032804433147131e-06
fe_recentDiff_interval_2_D_59,5.010423652196394e-06
fe_nullCount_D_46,5.00301887718102e-06
fe_rollingMean_window_6_B_13,4.979927764103831e-06
fe_freq_enc_fe_group_min_key_ID_D_70,4.952559058302164e-06
fe_recentDiff_interval_2_D_121,4.9412407251425705e-06
fe_recentDiff_interval_2_S_6,4.930957563431537e-06
fe_group_mean_key_ID_D_124,4.9303108146103725e-06
fe_recentDiff_interval_2_R_3,4.907982235069497e-06
fe_recentDiff_interval_2_D_131,4.890898145204492e-06
fe_group_max_key_ID_D_131,4.847568646326739e-06
fe_group_max_key_ID_D_144,4.807847784560337e-06
fe_rollingMean_window_6_R_15,4.756590023802243e-06
fe_recentDiff_interval_2_D_123,4.716827103068422e-06
fe_group_last_key_ID_D_88,4.695144272315321e-06
fe_group_mean_key_ID_R_15,4.680212453034294e-06
fe_tar_enc_smoothing_fe_group_last_key_ID_D_103,4.678654830059248e-06
fe_group_mean_key_ID_B_25,4.6550724409621935e-06
fe_freq_enc_fe_group_max_key_ID_S_11,4.645784092482952e-06
fe_freq_enc_fe_group_last_key_ID_D_137,4.6389366085697326e-06
fe_freq_enc_fe_group_max_key_ID_D_135,4.625947607028724e-06
fe_group_max_key_ID_D_105,4.623125814617879e-06
fe_freq_enc_fe_group_last_key_ID_D_91,4.592829127292308e-06
fe_recentDiff_interval_2_B_21,4.587806365252689e-06
fe_recentDiff_interval_1_D_76,4.565975401604749e-06
fe_group_mean_key_ID_S_19,4.54483487821733e-06
fe_recentDiff_interval_2_R_1,4.528537292991519e-06
fe_recentDiff_interval_2_D_113,4.520479130298849e-06
fe_rollingMean_window_6_D_140,4.479533295631555e-06
fe_recentDiff_interval_2_D_108,4.46574664209054e-06
fe_group_min_key_ID_D_41,4.4506692331025555e-06
fe_rollingMean_window_6_D_130,4.4484177227910315e-06
fe_recentDiff_interval_2_S_24,4.441470580929252e-06
fe_freq_enc_fe_group_max_key_ID_D_145,4.436373525706916e-06
fe_freq_enc_fe_group_min_key_ID_D_72,4.419628901186634e-06
fe_group_min_key_ID_D_70,4.398344181089087e-06
fe_recentDiff_interval_2_D_89,4.388336715011043e-06
fe_recentDiff_interval_1_D_75,4.376253079585446e-06
fe_nullCount_D_141,4.342797323975134e-06
fe_group_min_key_ID_R_7,4.312541119988467e-06
fe_recentDiff_interval_2_D_93,4.284116789987635e-06
fe_recentDiff_interval_2_B_41,4.253707844625865e-06
fe_recentDiff_interval_2_B_32,4.247357708153654e-06
fe_recentDiff_interval_2_D_60,4.214050170203709e-06
fe_tar_enc_smoothing_fe_group_min_key_ID_D_113,4.177073807898335e-06
fe_group_mean_key_ID_B_32,4.174330872019905e-06
fe_transaction_num,4.167821882783418e-06
fe_recentDiff_interval_1_R_3,4.1408553407285e-06
fe_group_mean_key_ID_D_142,4.132108212484553e-06
fe_freq_enc_fe_group_max_key_ID_D_122,4.093203932686862e-06
fe_nullCount_D_62,3.985355732760709e-06
fe_recentDiff_interval_2_D_71,3.916906606782344e-06
fe_freq_enc_fe_group_last_key_ID_D_124,3.88510451143631e-06
fe_group_min_key_ID_S_12,3.873413679189586e-06
fe_recentDiff_interval_1_D_133,3.855677095765397e-06
fe_group_last_key_ID_B_21,3.845383435063798e-06
fe_group_min_key_ID_D_130,3.816680740564848e-06
fe_nullCount_S_9,3.794674225121586e-06
fe_group_mean_key_ID_B_27,3.7923239515902374e-06
fe_group_min_key_ID_D_143,3.7145504516722383e-06
fe_freq_enc_fe_group_last_key_ID_D_103,3.7125661673242938e-06
fe_recentDiff_interval_2_R_25,3.6948834766792338e-06
fe_recentDiff_interval_1_D_119,3.653303737471969e-06
fe_tar_enc_smoothing_fe_group_min_key_ID_D_107,3.6520830071773425e-06
fe_group_mean_key_ID_B_5,3.626895520025819e-06
fe_recentDiff_interval_2_B_22,3.5440523419860703e-06
fe_recentDiff_interval_2_D_140,3.542424333702332e-06
fe_recentDiff_interval_1_D_44,3.5201625311342966e-06
fe_tar_enc_smoothing_fe_group_min_key_ID_D_103,3.4262132919127275e-06
fe_recentDiff_interval_1_B_15,3.4146987408223417e-06
fe_nullCount_B_42,3.4127647822179696e-06
fe_tar_enc_smoothing_fe_group_max_key_ID_D_145,3.3983761449918326e-06
fe_freq_enc_fe_group_last_key_ID_D_59,3.3977044197053274e-06
fe_nullCount_D_69,3.396188888116214e-06
fe_recentDiff_interval_1_B_36,3.3926217566371264e-06
fe_recentDiff_interval_2_D_143,3.390271415271151e-06
fe_recentDiff_interval_1_D_45,3.3678547579074625e-06
fe_group_last_key_ID_S_27,3.3669544833303533e-06
fe_recentDiff_interval_1_B_5,3.3513614763891475e-06
fe_rollingMean_window_6_D_80,3.34962229214808e-06
fe_freq_enc_fe_group_max_key_ID_D_83,3.318054017487082e-06
fe_group_mean_key_ID_D_140,3.3148143497863103e-06
fe_freq_enc_fe_group_max_key_ID_D_139,3.254527817797559e-06
fe_recentDiff_interval_2_D_69,3.2476839693096338e-06
fe_recentDiff_interval_2_D_62,3.23957092990268e-06
fe_group_max_key_ID_B_39,3.218984822195292e-06
fe_nullCount_D_121,3.2085909238421806e-06
fe_group_mean_key_ID_D_125,3.205360375457822e-06
fe_tar_enc_smoothing_fe_group_min_key_ID_S_15,3.199812900034349e-06
fe_freq_enc_fe_group_last_key_ID_D_82,3.1931415428454457e-06
fe_freq_enc_fe_group_min_key_ID_D_44,3.1917041544149427e-06
fe_tar_enc_smoothing_fe_group_last_key_ID_D_108,3.1795850242155588e-06
fe_freq_enc_fe_group_max_key_ID_D_108,3.1792819100151526e-06
fe_recentDiff_interval_1_R_14,3.1579335070253123e-06
fe_group_last_key_ID_D_107,3.1441954875810474e-06
fe_group_max_key_ID_B_18,3.076851633032618e-06
fe_recentDiff_interval_1_P_4,3.070006680594428e-06
fe_recentDiff_interval_2_B_36,3.0572596032563126e-06
fe_rollingMean_window_6_B_28,3.0566256596920027e-06
fe_recentDiff_interval_2_D_49,3.0258742638178404e-06
fe_group_last_key_ID_D_137,3.0220832310523527e-06
fe_rollingMean_window_6_D_60,3.0142916845332657e-06
fe_recentDiff_interval_2_R_27,2.981704275928365e-06
fe_rollingMean_window_6_D_125,2.978655506413741e-06
fe_rollingMean_window_6_R_25,2.9638265818254794e-06
fe_recentDiff_interval_1_D_105,2.9623420055302496e-06
fe_freq_enc_fe_group_min_key_ID_D_124,2.9452901071924664e-06
fe_recentDiff_interval_1_R_27,2.943051124859597e-06
fe_recentDiff_interval_1_B_7,2.912919288389215e-06
fe_group_max_key_ID_D_73,2.908580762128743e-06
fe_tar_enc_smoothing_fe_group_min_key_ID_D_78,2.895791474388787e-06
fe_recentDiff_interval_2_D_142,2.892605261095582e-06
fe_group_max_key_ID_D_135,2.881285652844845e-06
fe_recentDiff_interval_1_S_17,2.877123103983692e-06
fe_tar_enc_smoothing_fe_group_last_key_ID_D_92,2.873684619653094e-06
fe_rollingMean_window_6_D_70,2.8601981565956613e-06
fe_recentDiff_interval_1_R_25,2.826057989291364e-06
fe_freq_enc_fe_group_min_key_ID_D_140,2.8207598529172984e-06
fe_group_max_key_ID_D_82,2.7977516903199273e-06
fe_group_mean_key_ID_D_96,2.791782268529719e-06
fe_group_mean_key_ID_D_134,2.786357216955082e-06
fe_recentDiff_interval_2_B_5,2.7827235808963735e-06
fe_recentDiff_interval_1_D_128,2.779550589249169e-06
fe_group_mean_key_ID_D_80,2.7278448505585473e-06
fe_group_mean_key_ID_B_14,2.702252902553326e-06
fe_rollingMean_window_6_R_14,2.676344191765434e-06
fe_freq_enc_fe_group_last_key_ID_D_138,2.645271907353308e-06
fe_group_min_key_ID_S_17,2.587264888165297e-06
fe_freq_enc_fe_group_last_key_ID_D_89,2.5617270471012255e-06
fe_freq_enc_fe_group_min_key_ID_D_136,2.5501089179202907e-06
fe_rollingMean_window_6_R_9,2.5341203725437467e-06
fe_group_mean_key_ID_D_60,2.5106292503851435e-06
fe_rollingMean_window_6_S_16,2.4479289006951177e-06
fe_rollingMean_window_6_R_20,2.4328424683695005e-06
fe_recentDiff_interval_1_R_12,2.4242354091930096e-06
fe_recentDiff_interval_1_D_145,2.3827404863618895e-06
fe_recentDiff_interval_1_B_40,2.351206317308119e-06
fe_nullCount_D_61,2.322793356934749e-06
fe_recentDiff_interval_1_B_21,2.3065402113831013e-06
fe_rollingMean_window_6_B_24,2.3039859265994167e-06
fe_group_max_key_ID_D_92,2.2627030507038626e-06
fe_group_max_key_ID_B_36,2.2449025220416807e-06
fe_recentDiff_interval_2_S_5,2.1543723856543018e-06
fe_tar_enc_smoothing_fe_group_max_key_ID_D_83,2.1126459521236818e-06
fe_freq_enc_fe_group_min_key_ID_D_39,2.0421616035437573e-06
fe_recentDiff_interval_1_D_143,2.023493217262473e-06
fe_group_max_key_ID_S_16,2.0212017770027124e-06
fe_group_max_key_ID_D_119,2.016393413240003e-06
fe_group_min_key_ID_P_4,2.0159140350362037e-06
fe_group_last_key_ID_R_20,2.0043216077403336e-06
fe_recentDiff_interval_2_D_103,1.9957158225447635e-06
fe_tar_enc_smoothing_fe_group_max_key_ID_D_113,1.988876676295437e-06
fe_group_max_key_ID_B_24,1.9839062332938084e-06
fe_recentDiff_interval_2_D_106,1.91859148629403e-06
fe_tar_enc_smoothing_fe_group_max_key_ID_D_125,1.8841649329082166e-06
fe_recentDiff_interval_1_S_20,1.8713276517257071e-06
fe_group_min_key_ID_D_93,1.8515398761409507e-06
fe_group_min_key_ID_R_14,1.8222316641169911e-06
fe_group_mean_key_ID_S_18,1.800335977131251e-06
fe_recentDiff_interval_1_B_12,1.784481501676538e-06
fe_recentDiff_interval_2_R_9,1.781091554908798e-06
fe_group_last_key_ID_D_145,1.774882155913815e-06
fe_recentDiff_interval_2_D_109,1.7352912236034967e-06
fe_recentDiff_interval_1_R_13,1.7238142061559714e-06
fe_group_mean_key_ID_S_6,1.7132848760259556e-06
fe_group_max_key_ID_D_115,1.6805465498648253e-06
fe_recentDiff_interval_1_D_108,1.6687289230987723e-06
fe_tar_enc_smoothing_fe_group_min_key_ID_D_81,1.6568986615506098e-06
fe_group_min_key_ID_D_134,1.6451548148777029e-06
fe_group_last_key_ID_D_73,1.6404526907431993e-06
fe_freq_enc_fe_group_max_key_ID_D_123,1.613784932130713e-06
fe_group_min_key_ID_D_39,1.6090951554526e-06
fe_rollingMean_window_6_R_28,1.6079139489311167e-06
fe_transaction_days_mean,1.5877297407929092e-06
fe_recentDiff_interval_2_D_74,1.572738429100884e-06
fe_rollingMean_window_6_D_141,1.565077878351584e-06
fe_rollingMean_window_6_B_16,1.50493995604295e-06
fe_rollingMean_window_6_B_32,1.4208300369578097e-06
fe_group_last_key_ID_D_138,1.3977540062048988e-06
fe_group_min_key_ID_D_104,1.3465795657419122e-06
fe_rollingMean_window_6_R_2,1.3208900241368227e-06
fe_recentDiff_interval_1_R_16,1.3191395716871668e-06
fe_rollingMean_window_6_D_92,1.295622117813977e-06
fe_recentDiff_interval_1_R_21,1.2405127292058893e-06
fe_recentDiff_interval_2_D_73,1.232451578569993e-06
fe_group_min_key_ID_D_73,1.21594259416824e-06
fe_freq_enc_fe_group_last_key_ID_D_136,1.1507801719323751e-06
fe_group_min_key_ID_D_82,1.1294728048949487e-06
fe_recentDiff_interval_1_S_12,1.1016640544814216e-06
fe_recentDiff_interval_1_D_60,1.0668668255497948e-06
fe_tar_enc_smoothing_fe_group_max_key_ID_R_9,1.0184909409738374e-06
fe_freq_enc_fe_group_max_key_ID_R_19,1.0148904516227297e-06
fe_freq_enc_fe_group_max_key_ID_D_80,9.759237346029792e-07
fe_group_min_key_ID_D_145,9.70809103384429e-07
fe_group_mean_key_ID_D_115,9.324310722980123e-07
fe_freq_enc_fe_group_min_key_ID_D_107,8.564609979000437e-07
fe_recentDiff_interval_2_D_92,8.563957118457033e-07
fe_group_mean_key_ID_D_82,7.892267551157239e-07
fe_rollingMean_window_6_S_26,7.759874164903202e-07
fe_group_mean_key_ID_R_17,7.500384226477586e-07
fe_group_last_key_ID_D_68,6.923037945694155e-07
fe_recentDiff_interval_1_D_137,6.859273075088268e-07
fe_freq_enc_fe_group_max_key_ID_B_41,6.688686562950075e-07
fe_group_min_key_ID_D_74,6.417519661239268e-07
fe_freq_enc_fe_group_max_key_ID_D_143,6.40002857155153e-07
fe_recentDiff_interval_1_S_6,6.391954924245269e-07
fe_group_last_key_ID_R_16,6.279797563624179e-07
fe_freq_enc_fe_group_min_key_ID_D_137,5.853469700611846e-07
fe_nullCount_D_131,5.58435278519287e-07
fe_freq_enc_fe_group_min_key_ID_B_41,5.451121078414722e-07
fe_freq_enc_fe_group_last_key_ID_D_81,5.209059148469919e-07
fe_recentDiff_interval_1_D_103,5.02864586193752e-07
fe_recentDiff_interval_1_B_32,5.018308641968616e-07
fe_freq_enc_fe_group_max_key_ID_D_138,4.65114355141516e-07
fe_rollingMean_window_6_R_22,4.490081552677161e-07
fe_recentDiff_interval_1_D_144,3.9222069031508155e-07
fe_recentDiff_interval_2_D_129,3.635340513619134e-07
fe_freq_enc_fe_group_min_key_ID_S_18,3.393751914493315e-07
fe_rollingMean_window_6_R_23,2.9935761702848396e-07
fe_recentDiff_interval_1_D_135,2.966065247855809e-07
fe_recentDiff_interval_2_S_8,2.7921869161229296e-07
fe_freq_enc_fe_group_max_key_ID_D_124,2.6311389145217134e-07
fe_tar_enc_smoothing_fe_group_min_key_ID_B_32,2.61088225039785e-07
fe_group_mean_key_ID_D_72,2.475990406591855e-07
fe_nullCount_D_54,2.4665416437086307e-07
fe_nullCount_D_130,2.445782625870585e-07
fe_rollingMean_window_6_D_73,2.0427909425135837e-07
fe_rollingMean_window_6_D_91,1.7840613858455256e-07
fe_freq_enc_fe_group_max_key_ID_D_111,1.7713558492227222e-07
fe_recentDiff_interval_1_D_49,1.1751955247829571e-07
fe_group_max_key_ID_D_143,8.398652151520025e-08
fe_recentDiff_interval_1_B_27,5.902800576107481e-08
fe_rollingMean_window_6_D_108,2.076398669670354e-08
fe_freq_enc_fe_group_last_key_ID_D_83,1.0072571554609056e-08
fe_tar_enc_smoothing_fe_group_last_key_ID_R_20,0.0
fe_freq_enc_fe_group_min_key_ID_D_74,0.0
fe_group_max_key_ID_S_9,0.0
fe_tar_enc_smoothing_fe_group_last_key_ID_R_21,0.0
fe_tar_enc_smoothing_fe_group_last_key_ID_B_32,0.0
fe_group_min_key_ID_S_18,0.0
fe_tar_enc_smoothing_fe_group_last_key_ID_R_19,0.0
fe_tar_enc_smoothing_fe_group_last_key_ID_S_20,0.0
fe_tar_enc_smoothing_fe_group_last_key_ID_D_116,0.0
fe_group_mean_key_ID_R_20,0.0
fe_group_min_key_ID_D_123,0.0
fe_group_min_key_ID_B_42,0.0
fe_freq_enc_fe_group_last_key_ID_S_6,0.0
fe_freq_enc_fe_group_last_key_ID_D_70,0.0
fe_group_mean_key_ID_D_102,0.0
fe_tar_enc_smoothing_fe_group_last_key_ID_D_89,0.0
fe_tar_enc_smoothing_fe_group_last_key_ID_R_22,0.0
fe_tar_enc_smoothing_fe_group_last_key_ID_R_23,0.0
fe_group_min_key_ID_D_83,0.0
fe_group_max_key_ID_D_106,0.0
fe_tar_enc_smoothing_fe_group_last_key_ID_D_93,0.0
fe_tar_enc_smoothing_fe_group_last_key_ID_D_94,0.0
fe_tar_enc_smoothing_fe_group_last_key_ID_R_24,0.0
fe_group_max_key_ID_D_107,0.0
fe_group_max_key_ID_S_26,0.0
fe_tar_enc_smoothing_fe_group_last_key_ID_R_18,0.0
fe_group_mean_key_ID_R_24,0.0
fe_freq_enc_fe_group_last_key_ID_D_72,0.0
fe_freq_enc_fe_group_last_key_ID_D_84,0.0
fe_freq_enc_fe_group_last_key_ID_R_16,0.0
fe_group_mean_key_ID_D_93,0.0
fe_freq_enc_fe_group_max_key_ID_D_140,0.0
fe_freq_enc_fe_group_last_key_ID_S_18,0.0
fe_tar_enc_smoothing_fe_group_last_key_ID_D_83,0.0
fe_freq_enc_fe_group_last_key_ID_D_86,0.0
fe_freq_enc_fe_group_last_key_ID_R_17,0.0
fe_freq_enc_fe_group_last_key_ID_R_18,0.0
fe_group_mean_key_ID_D_92,0.0
fe_tar_enc_smoothing_fe_group_last_key_ID_R_13,0.0
fe_tar_enc_smoothing_fe_group_last_key_ID_D_82,0.0
fe_freq_enc_fe_group_last_key_ID_B_31,0.0
fe_group_mean_key_ID_D_105,0.0
fe_freq_enc_fe_group_last_key_ID_R_19,0.0
fe_freq_enc_fe_group_last_key_ID_R_15,0.0
fe_tar_enc_smoothing_fe_group_last_key_ID_D_63,0.0
fe_tar_enc_smoothing_fe_group_last_key_ID_R_15,0.0
fe_freq_enc_fe_group_last_key_ID_R_9,0.0
fe_freq_enc_fe_group_last_key_ID_D_74,0.0
fe_freq_enc_fe_group_last_key_ID_D_75,0.0
fe_freq_enc_fe_group_last_key_ID_D_78,0.0
fe_tar_enc_smoothing_fe_group_last_key_ID_B_31,0.0
fe_group_max_key_ID_S_24,0.0
fe_group_min_key_ID_D_86,0.0
fe_group_mean_key_ID_D_94,0.0
fe_tar_enc_smoothing_fe_group_last_key_ID_R_16,0.0
fe_tar_enc_smoothing_fe_group_last_key_ID_R_17,0.0
fe_freq_enc_fe_group_last_key_ID_D_80,0.0
fe_freq_enc_fe_group_last_key_ID_R_10,0.0
fe_tar_enc_smoothing_fe_group_last_key_ID_D_86,0.0
fe_group_mean_key_ID_D_145,0.0
fe_tar_enc_smoothing_fe_group_last_key_ID_S_18,0.0
fe_tar_enc_smoothing_fe_group_last_key_ID_R_25,0.0
fe_group_min_key_ID_B_32,0.0
fe_tar_enc_smoothing_fe_group_last_key_ID_D_96,0.0
fe_group_max_key_ID_D_109,0.0
fe_freq_enc_fe_group_min_key_ID_D_86,0.0
fe_group_min_key_ID_R_28,0.0
fe_freq_enc_fe_group_min_key_ID_B_16,0.0
fe_tar_enc_smoothing_fe_group_last_key_ID_D_127,0.0
fe_freq_enc_fe_group_min_key_ID_R_17,0.0
fe_freq_enc_fe_group_min_key_ID_R_18,0.0
fe_freq_enc_fe_group_min_key_ID_B_31,0.0
fe_freq_enc_fe_group_min_key_ID_R_19,0.0
fe_freq_enc_fe_group_min_key_ID_B_32,0.0
fe_freq_enc_fe_group_min_key_ID_S_20,0.0
fe_freq_enc_fe_group_min_key_ID_R_20,0.0
fe_freq_enc_fe_group_min_key_ID_R_21,0.0
fe_freq_enc_fe_group_min_key_ID_D_65,0.0
fe_tar_enc_smoothing_fe_group_last_key_ID_D_125,0.0
fe_freq_enc_fe_group_min_key_ID_D_89,0.0
fe_freq_enc_fe_group_min_key_ID_R_22,0.0
fe_freq_enc_fe_group_min_key_ID_R_23,0.0
fe_freq_enc_fe_group_min_key_ID_R_16,0.0
fe_tar_enc_smoothing_fe_group_last_key_ID_B_41,0.0
fe_group_mean_key_ID_R_25,0.0
fe_freq_enc_fe_group_min_key_ID_R_15,0.0
fe_freq_enc_fe_group_min_key_ID_S_15,0.0
fe_group_min_key_ID_R_15,0.0
fe_tar_enc_smoothing_fe_group_last_key_ID_D_139,0.0
fe_freq_enc_fe_group_min_key_ID_R_8,0.0
fe_tar_enc_smoothing_fe_group_last_key_ID_D_140,0.0
fe_tar_enc_smoothing_fe_group_last_key_ID_D_138,0.0
fe_tar_enc_smoothing_fe_group_last_key_ID_D_137,0.0
fe_freq_enc_fe_group_min_key_ID_D_80,0.0
fe_freq_enc_fe_group_min_key_ID_R_10,0.0
fe_freq_enc_fe_group_min_key_ID_R_11,0.0
fe_freq_enc_fe_group_min_key_ID_B_22,0.0
fe_tar_enc_smoothing_fe_group_last_key_ID_D_136,0.0
fe_tar_enc_smoothing_fe_group_last_key_ID_R_28,0.0
fe_freq_enc_fe_group_min_key_ID_D_81,0.0
fe_freq_enc_fe_group_min_key_ID_D_82,0.0
fe_freq_enc_fe_group_min_key_ID_R_13,0.0
fe_freq_enc_fe_group_min_key_ID_D_83,0.0
fe_freq_enc_fe_group_min_key_ID_D_92,0.0
fe_freq_enc_fe_group_min_key_ID_D_93,0.0
fe_group_min_key_ID_S_20,0.0
fe_freq_enc_fe_group_min_key_ID_D_94,0.0
fe_group_last_key_ID_B_5,0.0
fe_tar_enc_smoothing_fe_group_last_key_ID_D_111,0.0
fe_group_min_key_ID_R_16,0.0
fe_group_max_key_ID_D_111,0.0
fe_freq_enc_fe_group_min_key_ID_D_127,0.0
fe_freq_enc_fe_group_min_key_ID_D_129,0.0
fe_freq_enc_fe_group_min_key_ID_D_49,0.0
fe_freq_enc_fe_group_min_key_ID_R_28,0.0
fe_freq_enc_fe_group_min_key_ID_D_135,0.0
fe_tar_enc_smoothing_fe_group_last_key_ID_D_109,0.0
fe_freq_enc_fe_group_min_key_ID_D_138,0.0
fe_freq_enc_fe_group_min_key_ID_D_139,0.0
fe_group_mean_key_ID_S_24,0.0
fe_freq_enc_fe_group_min_key_ID_D_78,0.0
fe_freq_enc_fe_group_min_key_ID_D_143,0.0
fe_freq_enc_fe_group_min_key_ID_D_145,0.0
fe_freq_enc_fe_group_min_key_ID_R_2,0.0
fe_freq_enc_fe_group_min_key_ID_D_122,0.0
fe_freq_enc_fe_group_min_key_ID_D_111,0.0
fe_freq_enc_fe_group_min_key_ID_D_109,0.0
fe_tar_enc_smoothing_fe_group_last_key_ID_D_122,0.0
fe_freq_enc_fe_group_min_key_ID_R_24,0.0
fe_freq_enc_fe_group_min_key_ID_R_25,0.0
fe_freq_enc_fe_group_min_key_ID_D_96,0.0
fe_freq_enc_fe_group_min_key_ID_D_103,0.0
fe_group_max_key_ID_B_13,0.0
fe_tar_enc_smoothing_fe_group_last_key_ID_D_123,0.0
fe_freq_enc_fe_group_min_key_ID_D_59,0.0
fe_freq_enc_fe_group_min_key_ID_D_106,0.0
fe_group_max_key_ID_D_110,0.0
fe_freq_enc_fe_group_min_key_ID_R_5,0.0
fe_group_max_key_ID_D_108,0.0
fe_freq_enc_fe_group_min_key_ID_R_4,0.0
fe_freq_enc_fe_group_last_key_ID_S_20,0.0
fe_freq_enc_fe_group_min_key_ID_D_108,0.0
fe_tar_enc_smoothing_fe_group_last_key_ID_D_113,0.0
fe_freq_enc_fe_group_min_key_ID_S_6,0.0
fe_freq_enc_fe_group_last_key_ID_B_32,0.0
fe_group_max_key_ID_D_83,0.0
fe_freq_enc_fe_group_last_key_ID_R_20,0.0
fe_tar_enc_smoothing_fe_group_max_key_ID_R_22,0.0
fe_tar_enc_smoothing_fe_group_min_key_ID_R_22,0.0
fe_tar_enc_smoothing_fe_group_max_key_ID_R_19,0.0
fe_tar_enc_smoothing_fe_group_min_key_ID_D_89,0.0
fe_tar_enc_smoothing_fe_group_max_key_ID_B_32,0.0
fe_group_mean_key_ID_B_42,0.0
fe_tar_enc_smoothing_fe_group_max_key_ID_R_20,0.0
fe_tar_enc_smoothing_fe_group_max_key_ID_R_21,0.0
fe_tar_enc_smoothing_fe_group_max_key_ID_B_33,0.0
fe_tar_enc_smoothing_fe_group_max_key_ID_D_89,0.0
fe_group_mean_key_ID_B_39,0.0
fe_tar_enc_smoothing_fe_group_min_key_ID_R_19,0.0
fe_tar_enc_smoothing_fe_group_max_key_ID_R_23,0.0
fe_group_mean_key_ID_B_41,0.0
fe_tar_enc_smoothing_fe_group_min_key_ID_R_21,0.0
fe_tar_enc_smoothing_fe_group_max_key_ID_D_92,0.0
fe_tar_enc_smoothing_fe_group_min_key_ID_R_20,0.0
fe_tar_enc_smoothing_fe_group_max_key_ID_D_93,0.0
fe_tar_enc_smoothing_fe_group_max_key_ID_D_94,0.0
fe_tar_enc_smoothing_fe_group_max_key_ID_R_24,0.0
fe_tar_enc_smoothing_fe_group_min_key_ID_S_20,0.0
fe_tar_enc_smoothing_fe_group_min_key_ID_R_23,0.0
fe_tar_enc_smoothing_fe_group_min_key_ID_D_91,0.0
fe_tar_enc_smoothing_fe_group_max_key_ID_B_31,0.0
fe_tar_enc_smoothing_fe_group_max_key_ID_R_18,0.0
fe_group_max_key_ID_B_31,0.0
fe_tar_enc_smoothing_fe_group_min_key_ID_R_25,0.0
fe_group_max_key_ID_D_88,0.0
fe_group_max_key_ID_R_18,0.0
fe_group_min_key_ID_D_125,0.0
fe_tar_enc_smoothing_fe_group_min_key_ID_R_24,0.0
fe_group_mean_key_ID_R_28,0.0
fe_group_mean_key_ID_D_133,0.0
fe_tar_enc_smoothing_fe_group_max_key_ID_D_81,0.0
fe_tar_enc_smoothing_fe_group_max_key_ID_D_82,0.0
fe_group_min_key_ID_D_127,0.0
fe_tar_enc_smoothing_fe_group_min_key_ID_D_94,0.0
fe_group_mean_key_ID_R_21,0.0
fe_group_mean_key_ID_D_130,0.0
fe_group_max_key_ID_D_86,0.0
fe_tar_enc_smoothing_fe_group_max_key_ID_S_18,0.0
fe_tar_enc_smoothing_fe_group_max_key_ID_D_86,0.0
fe_tar_enc_smoothing_fe_group_max_key_ID_R_17,0.0
fe_tar_enc_smoothing_fe_group_min_key_ID_D_93,0.0
fe_tar_enc_smoothing_fe_group_max_key_ID_R_25,0.0
fe_tar_enc_smoothing_fe_group_min_key_ID_B_31,0.0
fe_group_mean_key_ID_D_111,0.0
fe_group_mean_key_ID_D_112,0.0
fe_tar_enc_smoothing_fe_group_max_key_ID_D_135,0.0
fe_tar_enc_smoothing_fe_group_min_key_ID_D_80,0.0
fe_tar_enc_smoothing_fe_group_max_key_ID_D_137,0.0
fe_tar_enc_smoothing_fe_group_max_key_ID_D_138,0.0
fe_tar_enc_smoothing_fe_group_max_key_ID_D_139,0.0
fe_tar_enc_smoothing_fe_group_min_key_ID_R_9,0.0
fe_tar_enc_smoothing_fe_group_max_key_ID_D_140,0.0
fe_tar_enc_smoothing_fe_group_min_key_ID_R_8,0.0
fe_tar_enc_smoothing_fe_group_min_key_ID_D_39,0.0
fe_group_mean_key_ID_D_113,0.0
fe_tar_enc_smoothing_fe_group_max_key_ID_D_96,0.0
fe_tar_enc_smoothing_fe_group_min_key_ID_R_2,0.0
fe_group_min_key_ID_D_144,0.0
fe_tar_enc_smoothing_fe_group_min_key_ID_S_6,0.0
fe_tar_enc_smoothing_fe_group_min_key_ID_R_4,0.0
fe_tar_enc_smoothing_fe_group_min_key_ID_D_72,0.0
fe_tar_enc_smoothing_fe_group_min_key_ID_R_5,0.0
fe_tar_enc_smoothing_fe_group_min_key_ID_D_59,0.0
fe_tar_enc_smoothing_fe_group_min_key_ID_B_22,0.0
fe_tar_enc_smoothing_fe_group_min_key_ID_D_65,0.0
fe_tar_enc_smoothing_fe_group_min_key_ID_R_10,0.0
fe_tar_enc_smoothing_fe_group_max_key_ID_R_28,0.0
fe_tar_enc_smoothing_fe_group_max_key_ID_B_41,0.0
fe_tar_enc_smoothing_fe_group_min_key_ID_R_11,0.0
fe_tar_enc_smoothing_fe_group_min_key_ID_R_18,0.0
fe_tar_enc_smoothing_fe_group_min_key_ID_R_17,0.0
fe_group_min_key_ID_R_17,0.0
fe_group_mean_key_ID_D_127,0.0
fe_tar_enc_smoothing_fe_group_min_key_ID_D_86,0.0
fe_tar_enc_smoothing_fe_group_min_key_ID_S_18,0.0
fe_tar_enc_smoothing_fe_group_min_key_ID_R_16,0.0
fe_group_max_key_ID_S_18,0.0
fe_tar_enc_smoothing_fe_group_max_key_ID_D_108,0.0
fe_tar_enc_smoothing_fe_group_min_key_ID_D_84,0.0
fe_tar_enc_smoothing_fe_group_max_key_ID_D_109,0.0
fe_tar_enc_smoothing_fe_group_min_key_ID_R_15,0.0
fe_tar_enc_smoothing_fe_group_min_key_ID_D_83,0.0
fe_tar_enc_smoothing_fe_group_max_key_ID_D_111,0.0
fe_tar_enc_smoothing_fe_group_min_key_ID_R_13,0.0
fe_tar_enc_smoothing_fe_group_min_key_ID_D_82,0.0
fe_tar_enc_smoothing_fe_group_max_key_ID_D_123,0.0
fe_group_mean_key_ID_D_122,0.0
fe_group_mean_key_ID_D_121,0.0
fe_tar_enc_smoothing_fe_group_min_key_ID_D_96,0.0
fe_tar_enc_smoothing_fe_group_min_key_ID_D_108,0.0
fe_freq_enc_fe_group_last_key_ID_R_21,0.0
fe_tar_enc_smoothing_fe_group_last_key_ID_S_11,0.0
fe_freq_enc_fe_group_last_key_ID_D_109,0.0
fe_group_max_key_ID_R_8,0.0
fe_group_max_key_ID_R_9,0.0
fe_freq_enc_fe_group_last_key_ID_D_111,0.0
fe_group_mean_key_ID_D_143,0.0
fe_freq_enc_fe_group_last_key_ID_D_122,0.0
fe_freq_enc_fe_group_last_key_ID_D_123,0.0
fe_group_min_key_ID_D_138,0.0
fe_freq_enc_fe_group_last_key_ID_D_125,0.0
fe_group_min_key_ID_D_88,0.0
fe_group_max_key_ID_D_41,0.0
fe_freq_enc_fe_group_last_key_ID_D_127,0.0
fe_group_max_key_ID_B_19,0.0
fe_group_max_key_ID_D_80,0.0
fe_freq_enc_fe_group_last_key_ID_B_41,0.0
fe_freq_enc_fe_group_last_key_ID_R_28,0.0
fe_group_max_key_ID_B_27,0.0
fe_tar_enc_smoothing_fe_group_last_key_ID_S_6,0.0
fe_group_min_key_ID_D_139,0.0
fe_group_min_key_ID_D_140,0.0
fe_freq_enc_fe_group_last_key_ID_D_108,0.0
fe_group_min_key_ID_D_137,0.0
fe_group_max_key_ID_R_24,0.0
fe_freq_enc_fe_group_last_key_ID_D_107,0.0
fe_group_max_key_ID_D_96,0.0
fe_tar_enc_smoothing_fe_group_last_key_ID_R_11,0.0
fe_tar_enc_smoothing_fe_group_last_key_ID_R_10,0.0
fe_group_min_key_ID_R_19,0.0
fe_freq_enc_fe_group_last_key_ID_R_22,0.0
fe_tar_enc_smoothing_fe_group_last_key_ID_R_8,0.0
fe_freq_enc_fe_group_last_key_ID_R_23,0.0
fe_group_min_key_ID_B_31,0.0
fe_freq_enc_fe_group_last_key_ID_D_92,0.0
fe_freq_enc_fe_group_last_key_ID_D_93,0.0
fe_tar_enc_smoothing_fe_group_last_key_ID_D_78,0.0
fe_group_min_key_ID_D_135,0.0
fe_freq_enc_fe_group_last_key_ID_D_94,0.0
fe_freq_enc_fe_group_last_key_ID_R_24,0.0
fe_freq_enc_fe_group_last_key_ID_R_25,0.0
fe_group_min_key_ID_R_18,0.0
fe_freq_enc_fe_group_last_key_ID_D_96,0.0
fe_tar_enc_smoothing_fe_group_last_key_ID_D_72,0.0
fe_group_max_key_ID_R_25,0.0
fe_group_mean_key_ID_D_108,0.0
fe_tar_enc_smoothing_fe_group_min_key_ID_D_145,0.0
fe_tar_enc_smoothing_fe_group_min_key_ID_D_109,0.0
fe_group_max_key_ID_R_21,0.0
fe_group_max_key_ID_R_22,0.0
fe_tar_enc_smoothing_fe_group_max_key_ID_R_2,0.0
fe_group_min_key_ID_D_124,0.0
fe_group_mean_key_ID_D_41,0.0
fe_group_mean_key_ID_D_109,0.0
fe_group_mean_key_ID_D_110,0.0
fe_group_max_key_ID_B_33,0.0
fe_tar_enc_smoothing_fe_group_max_key_ID_S_6,0.0
fe_tar_enc_smoothing_fe_group_max_key_ID_R_4,0.0
fe_tar_enc_smoothing_fe_group_min_key_ID_D_123,0.0
fe_freq_enc_fe_group_last_key_ID_D_140,0.0
fe_tar_enc_smoothing_fe_group_max_key_ID_D_59,0.0
fe_group_max_key_ID_R_20,0.0
fe_group_mean_key_ID_D_136,0.0
fe_tar_enc_smoothing_fe_group_min_key_ID_D_111,0.0
fe_tar_enc_smoothing_fe_group_max_key_ID_B_20,0.0
fe_group_max_key_ID_B_32,0.0
fe_group_max_key_ID_R_19,0.0
fe_group_mean_key_ID_D_135,0.0
fe_group_max_key_ID_S_19,0.0
fe_group_max_key_ID_R_23,0.0
fe_group_max_key_ID_D_91,0.0
fe_tar_enc_smoothing_fe_group_min_key_ID_D_127,0.0
fe_group_mean_key_ID_D_137,0.0
fe_freq_enc_fe_group_last_key_ID_D_143,0.0
fe_tar_enc_smoothing_fe_group_min_key_ID_D_143,0.0
fe_tar_enc_smoothing_fe_group_min_key_ID_D_140,0.0
fe_group_mean_key_ID_D_141,0.0
fe_group_max_key_ID_D_94,0.0
fe_tar_enc_smoothing_fe_group_min_key_ID_D_139,0.0
fe_tar_enc_smoothing_fe_group_min_key_ID_D_138,0.0
fe_group_max_key_ID_D_93,0.0
fe_tar_enc_smoothing_fe_group_min_key_ID_D_137,0.0
fe_freq_enc_fe_group_last_key_ID_D_116,0.0
fe_freq_enc_fe_group_last_key_ID_D_117,0.0
fe_tar_enc_smoothing_fe_group_min_key_ID_D_136,0.0
fe_freq_enc_fe_group_last_key_ID_D_126,0.0
fe_tar_enc_smoothing_fe_group_min_key_ID_D_135,0.0
fe_tar_enc_smoothing_fe_group_min_key_ID_R_28,0.0
fe_freq_enc_fe_group_last_key_ID_D_63,0.0
fe_tar_enc_smoothing_fe_group_min_key_ID_B_41,0.0
fe_group_min_key_ID_D_141,0.0
fe_group_mean_key_ID_D_138,0.0
fe_group_min_key_ID_D_136,0.0
fe_group_mean_key_ID_R_9,0.0
fe_freq_enc_fe_group_max_key_ID_D_137,0.0
fe_recentDiff_interval_2_R_12,0.0
fe_group_min_key_ID_R_5,0.0
fe_recentDiff_interval_2_B_19,0.0
fe_recentDiff_interval_2_S_12,0.0
fe_recentDiff_interval_2_R_6,0.0
fe_group_last_key_ID_D_119,0.0
fe_recentDiff_interval_2_D_70,0.0
fe_group_last_key_ID_D_118,0.0
fe_recentDiff_interval_2_S_15,0.0
fe_group_min_key_ID_B_13,0.0
fe_group_last_key_ID_D_115,0.0
fe_recentDiff_interval_2_D_75,0.0
fe_group_last_key_ID_D_113,0.0
fe_recentDiff_interval_2_D_77,0.0
fe_group_min_key_ID_D_71,0.0
fe_recentDiff_interval_2_D_78,0.0
fe_group_last_key_ID_B_39,0.0
fe_recentDiff_interval_2_R_8,0.0
fe_recentDiff_interval_2_S_16,0.0
fe_recentDiff_interval_2_D_80,0.0
fe_group_mean_key_ID_D_71,0.0
fe_group_last_key_ID_D_111,0.0
fe_recentDiff_interval_2_B_27,0.0
fe_recentDiff_interval_2_D_81,0.0
fe_recentDiff_interval_2_B_16,0.0
fe_group_min_key_ID_D_96,0.0
fe_recentDiff_interval_2_B_15,0.0
fe_group_last_key_ID_D_127,0.0
fe_recentDiff_interval_2_R_2,0.0
fe_recentDiff_interval_2_D_46,0.0
fe_recentDiff_interval_2_D_47,0.0
fe_group_last_key_ID_B_41,0.0
fe_group_max_key_ID_D_52,0.0
fe_recentDiff_interval_2_B_8,0.0
fe_recentDiff_interval_2_D_50,0.0
fe_recentDiff_interval_2_D_51,0.0
fe_recentDiff_interval_2_D_52,0.0
fe_recentDiff_interval_2_P_3,0.0
fe_recentDiff_interval_2_D_53,0.0
fe_recentDiff_interval_2_D_61,0.0
fe_group_mean_key_ID_D_73,0.0
fe_recentDiff_interval_2_D_54,0.0
fe_group_min_key_ID_D_59,0.0
fe_group_last_key_ID_D_125,0.0
fe_recentDiff_interval_2_B_12,0.0
fe_group_last_key_ID_D_124,0.0
fe_recentDiff_interval_2_B_13,0.0
fe_recentDiff_interval_2_R_5,0.0
fe_group_last_key_ID_D_123,0.0
fe_recentDiff_interval_2_B_14,0.0
fe_recentDiff_interval_2_D_82,0.0
fe_recentDiff_interval_2_R_13,0.0
fe_group_min_key_ID_D_53,0.0
fe_recentDiff_interval_2_D_83,0.0
fe_group_min_key_ID_S_24,0.0
fe_recentDiff_interval_2_R_26,0.0
fe_recentDiff_interval_2_D_110,0.0
fe_recentDiff_interval_2_D_111,0.0
fe_recentDiff_interval_2_B_39,0.0
fe_recentDiff_interval_2_S_27,0.0
fe_recentDiff_interval_2_D_119,0.0
fe_recentDiff_interval_2_D_122,0.0
fe_recentDiff_interval_2_D_125,0.0
fe_recentDiff_interval_2_D_128,0.0
fe_recentDiff_interval_2_B_42,0.0
fe_recentDiff_interval_2_D_130,0.0
fe_recentDiff_interval_2_D_133,0.0
fe_recentDiff_interval_2_R_28,0.0
fe_recentDiff_interval_2_D_134,0.0
fe_recentDiff_interval_2_D_135,0.0
fe_recentDiff_interval_2_D_136,0.0
fe_recentDiff_interval_2_D_137,0.0
fe_recentDiff_interval_2_D_139,0.0
fe_group_last_key_ID_D_96,0.0
fe_recentDiff_interval_2_D_145,0.0
fe_freq_enc_fe_group_max_key_ID_R_28,0.0
fe_group_last_key_ID_R_25,0.0
fe_recentDiff_interval_2_D_107,0.0
fe_group_last_key_ID_B_36,0.0
fe_group_min_key_ID_S_15,0.0
fe_recentDiff_interval_2_R_19,0.0
fe_recentDiff_interval_2_R_14,0.0
fe_recentDiff_interval_2_R_15,0.0
fe_recentDiff_interval_2_D_84,0.0
fe_group_last_key_ID_D_109,0.0
fe_recentDiff_interval_2_S_18,0.0
fe_recentDiff_interval_2_D_86,0.0
fe_recentDiff_interval_2_R_17,0.0
fe_recentDiff_interval_2_R_18,0.0
fe_recentDiff_interval_2_D_88,0.0
fe_recentDiff_interval_2_B_31,0.0
fe_recentDiff_interval_2_S_20,0.0
fe_group_min_key_ID_R_4,0.0
fe_recentDiff_interval_2_R_20,0.0
fe_recentDiff_interval_2_R_21,0.0
fe_recentDiff_interval_2_B_33,0.0
fe_recentDiff_interval_2_R_22,0.0
fe_recentDiff_interval_2_R_23,0.0
fe_group_last_key_ID_D_108,0.0
fe_recentDiff_interval_2_D_94,0.0
fe_recentDiff_interval_2_R_24,0.0
fe_recentDiff_interval_2_D_96,0.0
fe_group_min_key_ID_D_72,0.0
fe_group_min_key_ID_R_25,0.0
fe_group_last_key_ID_B_42,0.0
fe_recentDiff_interval_2_D_42,0.0
fe_group_min_key_ID_D_61,0.0
fe_recentDiff_interval_1_B_18,0.0
fe_recentDiff_interval_1_B_19,0.0
fe_group_last_key_ID_D_143,0.0
fe_recentDiff_interval_1_S_13,0.0
fe_recentDiff_interval_1_B_22,0.0
fe_recentDiff_interval_1_D_70,0.0
fe_recentDiff_interval_1_D_71,0.0
fe_recentDiff_interval_1_D_72,0.0
fe_recentDiff_interval_1_S_15,0.0
fe_group_min_key_ID_D_94,0.0
fe_recentDiff_interval_1_D_73,0.0
fe_recentDiff_interval_1_D_74,0.0
fe_recentDiff_interval_1_B_24,0.0
fe_group_last_key_ID_D_141,0.0
fe_group_last_key_ID_D_139,0.0
fe_group_min_key_ID_B_17,0.0
fe_recentDiff_interval_1_D_79,0.0
fe_recentDiff_interval_1_R_8,0.0
fe_recentDiff_interval_1_R_9,0.0
fe_recentDiff_interval_1_D_80,0.0
fe_recentDiff_interval_1_R_10,0.0
fe_recentDiff_interval_1_D_81,0.0
fe_group_min_key_ID_R_24,0.0
fe_recentDiff_interval_1_B_16,0.0
fe_group_last_key_ID_B_38,0.0
fe_recentDiff_interval_1_S_11,0.0
fe_group_last_key_ID_D_126,0.0
fe_transaction_days_std,0.0
fe_recentDiff_interval_1_D_47,0.0
fe_recentDiff_interval_1_D_48,0.0
fe_recentDiff_interval_1_B_6,0.0
fe_group_min_key_ID_D_92,0.0
fe_recentDiff_interval_1_D_51,0.0
fe_group_last_key_ID_D_64,0.0
fe_group_last_key_ID_D_63,0.0
fe_recentDiff_interval_1_B_10,0.0
fe_group_min_key_ID_R_6,0.0
fe_recentDiff_interval_1_D_54,0.0
fe_recentDiff_interval_1_D_61,0.0
fe_recentDiff_interval_1_R_4,0.0
fe_group_min_key_ID_R_23,0.0
fe_group_last_key_ID_D_117,0.0
fe_recentDiff_interval_1_D_56,0.0
fe_recentDiff_interval_1_B_13,0.0
fe_recentDiff_interval_1_R_5,0.0
fe_recentDiff_interval_1_D_58,0.0
fe_group_last_key_ID_D_116,0.0
fe_group_min_key_ID_R_22,0.0
fe_recentDiff_interval_1_D_59,0.0
fe_recentDiff_interval_1_D_83,0.0
fe_recentDiff_interval_1_S_18,0.0
fe_recentDiff_interval_1_D_86,0.0
fe_group_mean_key_ID_B_24,0.0
fe_recentDiff_interval_1_D_121,0.0
fe_recentDiff_interval_1_D_123,0.0
fe_recentDiff_interval_1_D_124,0.0
fe_recentDiff_interval_1_D_125,0.0
fe_recentDiff_interval_1_D_127,0.0
fe_recentDiff_interval_1_D_129,0.0
fe_recentDiff_interval_1_B_41,0.0
fe_recentDiff_interval_1_B_42,0.0
fe_recentDiff_interval_1_D_130,0.0
fe_recentDiff_interval_1_D_131,0.0
fe_recentDiff_interval_1_R_28,0.0
fe_group_last_key_ID_R_28,0.0
fe_recentDiff_interval_1_D_134,0.0
fe_recentDiff_interval_1_D_136,0.0
fe_recentDiff_interval_1_D_138,0.0
fe_recentDiff_interval_1_D_139,0.0
fe_recentDiff_interval_1_D_140,0.0
fe_group_min_key_ID_D_89,0.0
fe_group_min_key_ID_D_65,0.0
fe_group_mean_key_ID_D_76,0.0
fe_recentDiff_interval_2_B_1,0.0
fe_group_min_key_ID_B_15,0.0
fe_recentDiff_interval_1_D_113,0.0
fe_recentDiff_interval_1_D_112,0.0
fe_recentDiff_interval_1_R_17,0.0
fe_recentDiff_interval_1_R_24,0.0
fe_recentDiff_interval_1_R_18,0.0
fe_recentDiff_interval_1_D_88,0.0
fe_recentDiff_interval_1_B_31,0.0
fe_recentDiff_interval_1_R_19,0.0
fe_recentDiff_interval_1_B_33,0.0
fe_recentDiff_interval_1_R_22,0.0
fe_recentDiff_interval_1_R_23,0.0
fe_recentDiff_interval_1_D_92,0.0
fe_recentDiff_interval_1_D_93,0.0
fe_recentDiff_interval_1_D_94,0.0
fe_recentDiff_interval_1_D_96,0.0
fe_recentDiff_interval_1_B_39,0.0
fe_recentDiff_interval_1_S_22,0.0
fe_recentDiff_interval_1_S_24,0.0
fe_group_last_key_ID_D_136,0.0
fe_recentDiff_interval_1_D_104,0.0
fe_recentDiff_interval_1_D_106,0.0
fe_recentDiff_interval_1_D_107,0.0
fe_group_last_key_ID_D_134,0.0
fe_recentDiff_interval_1_R_26,0.0
fe_recentDiff_interval_1_D_109,0.0
fe_recentDiff_interval_1_D_111,0.0
fe_group_last_key_ID_R_24,0.0
fe_group_mean_key_ID_D_69,0.0
fe_group_last_key_ID_D_94,0.0
fe_nullCount_B_40,0.0
fe_nullCount_S_23,0.0
fe_nullCount_S_24,0.0
fe_nullCount_S_25,0.0
fe_nullCount_S_26,0.0
fe_nullCount_D_102,0.0
fe_nullCount_D_104,0.0
fe_nullCount_B_37,0.0
fe_nullCount_R_27,0.0
fe_nullCount_D_110,0.0
fe_nullCount_D_112,0.0
fe_group_mean_key_ID_R_18,0.0
fe_nullCount_R_12,0.0
fe_nullCount_D_115,0.0
fe_nullCount_D_118,0.0
fe_group_mean_key_ID_D_88,0.0
fe_nullCount_D_128,0.0
fe_group_max_key_ID_D_127,0.0
fe_nullCount_D_133,0.0
fe_nullCount_D_134,0.0
fe_nullCount_D_144,0.0
fe_group_min_key_ID_R_8,0.0
fe_group_max_key_ID_D_125,0.0
fe_nullCount_S_22,0.0
fe_nullCount_B_27,0.0
fe_rollingMean_window_6_D_142,0.0
fe_nullCount_B_6,0.0
fe_rollingMean_window_6_D_145,0.0
fe_is_transaction_num_over_13,0.0
fe_group_last_key_ID_D_93,0.0
fe_nullCount_B_2,0.0
fe_nullCount_S_3,0.0
fe_nullCount_D_41,0.0
fe_nullCount_B_3,0.0
fe_group_max_key_ID_B_41,0.0
fe_group_last_key_ID_B_20,0.0
fe_nullCount_D_45,0.0
fe_nullCount_B_8,0.0
fe_nullCount_B_26,0.0
fe_nullCount_D_52,0.0
fe_nullCount_P_3,0.0
fe_group_min_key_ID_B_26,0.0
fe_nullCount_D_55,0.0
fe_nullCount_B_15,0.0
fe_group_min_key_ID_D_78,0.0
fe_nullCount_B_19,0.0
fe_nullCount_D_76,0.0
fe_nullCount_D_77,0.0
fe_nullCount_B_25,0.0
fe_group_last_key_ID_R_5,0.0
fe_group_max_key_ID_D_124,0.0
fe_group_max_key_ID_D_48,0.0
fe_freq_enc_fe_group_max_key_ID_D_91,0.0
fe_freq_enc_fe_group_max_key_ID_R_18,0.0
fe_freq_enc_fe_group_max_key_ID_B_31,0.0
fe_freq_enc_fe_group_max_key_ID_B_32,0.0
fe_group_min_key_ID_B_28,0.0
fe_freq_enc_fe_group_max_key_ID_R_20,0.0
fe_group_min_key_ID_D_121,0.0
fe_freq_enc_fe_group_max_key_ID_B_33,0.0
fe_freq_enc_fe_group_max_key_ID_D_89,0.0
fe_freq_enc_fe_group_max_key_ID_R_22,0.0
fe_freq_enc_fe_group_max_key_ID_R_23,0.0
fe_freq_enc_fe_group_max_key_ID_D_92,0.0
fe_group_mean_key_ID_B_31,0.0
fe_freq_enc_fe_group_max_key_ID_D_93,0.0
fe_freq_enc_fe_group_max_key_ID_D_94,0.0
fe_freq_enc_fe_group_max_key_ID_R_24,0.0
fe_freq_enc_fe_group_max_key_ID_R_25,0.0
fe_freq_enc_fe_group_max_key_ID_D_96,0.0
fe_group_min_key_ID_R_13,0.0
fe_freq_enc_fe_group_max_key_ID_D_107,0.0
fe_freq_enc_fe_group_max_key_ID_D_109,0.0
fe_freq_enc_fe_group_max_key_ID_D_125,0.0
fe_freq_enc_fe_group_max_key_ID_D_127,0.0
fe_freq_enc_fe_group_max_key_ID_R_17,0.0
fe_freq_enc_fe_group_max_key_ID_D_86,0.0
fe_freq_enc_fe_group_max_key_ID_S_18,0.0
fe_freq_enc_fe_group_max_key_ID_D_84,0.0
fe_group_min_key_ID_D_108,0.0
fe_group_min_key_ID_D_110,0.0
fe_group_min_key_ID_D_111,0.0
fe_group_min_key_ID_R_9,0.0
fe_group_max_key_ID_D_118,0.0
fe_group_min_key_ID_S_16,0.0
fe_freq_enc_fe_group_max_key_ID_S_6,0.0
fe_freq_enc_fe_group_max_key_ID_R_4,0.0
fe_freq_enc_fe_group_max_key_ID_D_59,0.0
fe_group_min_key_ID_D_80,0.0
fe_group_min_key_ID_R_10,0.0
fe_group_min_key_ID_R_11,0.0
fe_group_min_key_ID_B_39,0.0
fe_group_last_key_ID_S_6,0.0
fe_group_max_key_ID_D_113,0.0
fe_freq_enc_fe_group_max_key_ID_D_78,0.0
fe_group_max_key_ID_B_12,0.0
fe_group_min_key_ID_D_81,0.0
fe_group_mean_key_ID_R_19,0.0
fe_group_max_key_ID_B_40,0.0
fe_group_min_key_ID_R_12,0.0
fe_group_min_key_ID_D_77,0.0
fe_nullCount_P_2,0.0
fe_rollingMean_window_6_D_139,0.0
fe_group_last_key_ID_D_83,0.0
fe_rollingMean_window_6_B_14,0.0
fe_group_last_key_ID_R_18,0.0
fe_group_last_key_ID_R_17,0.0
fe_group_last_key_ID_D_86,0.0
fe_rollingMean_window_6_D_62,0.0
fe_group_mean_key_ID_D_62,0.0
fe_group_last_key_ID_S_18,0.0
fe_rollingMean_window_6_B_19,0.0
fe_rollingMean_window_6_S_12,0.0
fe_group_last_key_ID_R_15,0.0
fe_group_last_key_ID_R_13,0.0
fe_group_min_key_ID_D_105,0.0
fe_group_last_key_ID_R_12,0.0
fe_group_last_key_ID_D_82,0.0
fe_rollingMean_window_6_D_74,0.0
fe_group_last_key_ID_D_81,0.0
fe_group_last_key_ID_B_27,0.0
fe_group_mean_key_ID_R_23,0.0
fe_group_last_key_ID_R_11,0.0
fe_rollingMean_window_6_D_138,0.0
fe_group_last_key_ID_D_80,0.0
fe_rollingMean_window_6_R_11,0.0
fe_rollingMean_window_6_S_9,0.0
fe_rollingMean_window_6_R_5,0.0
fe_rollingMean_window_6_D_82,0.0
fe_group_max_key_ID_B_22,0.0
fe_group_min_key_ID_D_50,0.0
fe_rollingMean_window_6_D_42,0.0
fe_group_last_key_ID_D_92,0.0
fe_group_min_key_ID_B_41,0.0
fe_group_min_key_ID_R_2,0.0
fe_group_last_key_ID_R_23,0.0
fe_group_min_key_ID_S_26,0.0
fe_rollingMean_window_6_D_46,0.0
fe_group_min_key_ID_B_4,0.0
fe_group_min_key_ID_D_44,0.0
fe_group_last_key_ID_R_22,0.0
fe_rollingMean_window_6_D_56,0.0
fe_group_mean_key_ID_S_12,0.0
fe_group_last_key_ID_R_21,0.0
fe_rollingMean_window_6_S_5,0.0
fe_group_last_key_ID_S_20,0.0
fe_group_last_key_ID_B_32,0.0
fe_group_last_key_ID_R_19,0.0
fe_group_max_key_ID_D_140,0.0
fe_group_last_key_ID_S_19,0.0
fe_group_max_key_ID_D_139,0.0
fe_group_last_key_ID_B_31,0.0
fe_rollingMean_window_6_D_81,0.0
fe_group_mean_key_ID_R_22,0.0
fe_group_min_key_ID_B_24,0.0
fe_rollingMean_window_6_D_111,0.0
fe_rollingMean_window_6_D_96,0.0
fe_group_last_key_ID_S_16,0.0
fe_group_last_key_ID_D_77,0.0
fe_rollingMean_window_6_D_102,0.0
fe_rollingMean_window_6_D_103,0.0
fe_group_last_key_ID_P_4,0.0
fe_rollingMean_window_6_D_105,0.0
fe_group_max_key_ID_S_6,0.0
fe_rollingMean_window_6_R_26,0.0
fe_rollingMean_window_6_D_109,0.0
fe_rollingMean_window_6_D_110,0.0
fe_rollingMean_window_6_B_39,0.0
fe_rollingMean_window_6_D_132,0.0
fe_group_min_key_ID_R_21,0.0
fe_rollingMean_window_6_B_40,0.0
fe_group_mean_key_ID_D_86,0.0
fe_rollingMean_window_6_D_113,0.0
fe_group_last_key_ID_D_71,0.0
fe_rollingMean_window_6_D_121,0.0
fe_rollingMean_window_6_D_122,0.0
fe_group_min_key_ID_R_20,0.0
fe_group_max_key_ID_B_42,0.0
fe_group_last_key_ID_D_69,0.0
fe_rollingMean_window_6_B_42,0.0
fe_rollingMean_window_6_D_94,0.0
fe_rollingMean_window_6_D_93,0.0
fe_rollingMean_window_6_S_18,0.0
fe_rollingMean_window_6_D_86,0.0
fe_group_last_key_ID_R_9,0.0
fe_rollingMean_window_6_R_13,0.0
fe_rollingMean_window_6_D_136,0.0
fe_rollingMean_window_6_D_83,0.0
fe_group_min_key_ID_D_106,0.0
fe_group_last_key_ID_D_79,0.0
fe_rollingMean_window_6_D_89,0.0
fe_rollingMean_window_6_D_134,0.0
fe_rollingMean_window_6_D_131,0.0
fe_rollingMean_window_6_R_18,0.0
fe_rollingMean_window_6_D_88,0.0
fe_rollingMean_window_6_R_19,0.0
fe_rollingMean_window_6_S_20,0.0
fe_group_min_key_ID_D_76,0.0
fe_group_max_key_ID_R_28,0.0
fe_group_last_key_ID_R_10,-3.223703409771517e-08
fe_recentDiff_interval_1_D_82,-3.348842914085992e-08
fe_tar_enc_smoothing_fe_group_min_key_ID_D_92,-4.1471178824359356e-08
fe_recentDiff_interval_1_D_91,-5.0626451086888125e-08
fe_group_min_key_ID_D_109,-7.031596283013641e-08
fe_recentDiff_interval_1_D_110,-1.2111455038876784e-07
fe_group_last_key_ID_B_12,-2.3021991552019117e-07
fe_group_min_key_ID_D_84,-2.354781521440863e-07
fe_freq_enc_fe_group_min_key_ID_D_91,-3.021873941633224e-07
fe_freq_enc_fe_group_min_key_ID_D_84,-3.560394861712446e-07
fe_recentDiff_interval_1_D_89,-4.313685710299886e-07
fe_freq_enc_fe_group_last_key_ID_D_139,-4.6717585372446635e-07
fe_rollingMean_window_6_D_75,-8.241553739463114e-07
fe_recentDiff_interval_2_D_124,-9.893286468387608e-07
fe_kmeans_distance_from_cluster_6,-1.2418992360041514e-06
